2025-06-21,16,18
2025-06-14,14,35
2025-06-07,24,45
2025-05-31,13,36
2025-05-24,10,18
2025-05-17,5,11
2025-05-10,4,16
2025-05-03,2,40
2025-04-26,13,24
2025-04-19,23,33
2025-04-12,29,31
2025-04-05,6,18
2025-03-29,24,30
2025-03-22,14,18
2025-03-15,19,33
2025-03-08,4,25
2025-03-01,2,44
2025-02-22,7,8
2025-02-15,9,11
2025-02-08,20,38
2025-02-01,16,32
2025-01-25,3,44
2025-01-18,32,42
2025-01-11,15,45
2025-01-04,13,42
2024-12-28,31,34
2024-12-21,7,23
2024-12-14,13,29
2024-12-07,5,14
2024-11-30,28,38
2024-11-23,7,28
2024-11-16,1,9
2024-11-09,17,45
2024-11-02,5,40
2024-10-26,19,31
2024-10-19,4,11
2024-10-12,27,30
2024-10-05,26,41
2024-09-28,6,44
2024-09-21,25,30
2024-09-14,19,41
2024-09-07,26,41
2024-08-31,1,30
2024-08-24,24,32
2024-08-17,11,45
2024-08-10,15,36
2024-08-03,28,40
2024-07-27,10,15
2024-07-20,6,14
2024-07-13,14,27
2024-07-06,7,35
2024-06-29,28,31
2024-06-22,9,44
2024-06-15,8,30
2024-06-08,33,40
2024-06-01,13,29
2024-05-25,11,23
2024-05-18,14,34
2024-05-11,18,37
2024-05-04,9,41
2024-04-27,8,10
2024-04-20,4,14
2024-04-13,7,33
2024-04-06,28,31
2024-03-30,18,36
2024-03-23,27,34
2024-03-16,26,33
2024-03-09,15,24
2024-03-02,7,26
2024-02-24,32,37
2024-02-17,32,35
2024-02-10,3,15
2024-02-03,20,30
2024-01-27,15,40
2024-01-20,1,8
2024-01-13,2,35
2024-01-06,38,41
2023-12-30,22,35
2023-12-23,19,41
2023-12-16,27,32
2023-12-09,2,20
2023-12-02,7,11
2023-11-25,4,19
2023-11-18,6,44
2023-11-11,29,39
2023-11-04,40,45
2023-10-28,2,43
2023-10-21,9,33
2023-10-14,4,14
2023-10-07,8,16
2023-09-30,9,36
2023-09-23,6,11
2023-09-16,1,2
2023-09-09,17,23
2023-09-02,26,30
2023-08-26,21,23
2023-08-19,21,30
2023-08-12,19,45
2023-08-05,9,31
2023-07-29,17,20
2023-07-22,8,37
2023-07-15,12,34
2023-07-08,31,42
2023-07-01,13,36
2023-06-24,38,45
2023-06-17,22,26
2023-06-10,7,44
2023-06-03,25,45
2023-05-27,1,23
2023-05-20,16,22
2023-05-13,18,34
2023-05-06,5,34
2023-04-29,11,17
2023-04-22,11,27
2023-04-15,17,18
2023-04-08,18,20
2023-04-01,8,40
2023-03-25,12,31
2023-03-18,34,42
2023-03-11,7,17
2023-03-04,8,15
2023-02-25,2,27
2023-02-18,18,21
2023-02-11,16,17
2023-02-04,5,28
2023-01-28,5,38
2023-01-21,5,17
2023-01-14,3,21
2023-01-07,37,41
2022-12-31,8,38
2022-12-24,17,34
2022-12-17,9,16
2022-12-10,10,39
2022-12-03,37,45
2022-11-26,11,36
2022-11-19,13,29
2022-11-12,9,34
2022-11-05,13,15
2022-10-29,13,16
2022-10-22,5,23
2022-10-15,15,28
2022-10-08,18,22
2022-10-01,34,35
2022-09-24,4,44
2022-09-17,6,11
2022-09-10,14,41
2022-09-03,41,43
2022-08-27,24,39
2022-08-20,18,40
2022-08-13,8,31
2022-08-06,4,40
2022-07-30,13,35
2022-07-23,5,31
2022-07-16,34,42
2022-07-09,1,45
2022-07-02,7,11
2022-06-25,33,39
2022-06-18,43,44
2022-06-11,25,35
2022-06-04,31,42
2022-05-28,2,24
2022-05-21,4,43
2022-05-14,9,21
2022-05-07,23,43
2022-04-30,9,45
2022-04-23,17,20
2022-04-16,20,42
2022-04-09,15,38
2022-04-02,19,41
2022-03-26,10,27
2022-03-19,6,25
2022-03-12,21,27
2022-03-05,9,28
2022-02-26,17,35
2022-02-19,9,35
2022-02-12,5,15
2022-02-05,6,40
2022-01-29,13,17
2022-01-22,19,32
2022-01-15,13,39
2022-01-08,9,18
2021-12-31,31,35
2021-12-25,15,38
2021-12-18,21,35
2021-12-11,2,19
2021-12-04,21,41
2021-11-27,10,24
2021-11-20,4,19
2021-11-13,12,21
2021-11-06,19,35
2021-10-30,37,43
2021-10-23,17,38
2021-10-16,1,19
2021-10-09,19,37
2021-10-02,18,38
2021-09-25,26,43
2021-09-18,24,29
2021-09-11,36,41
2021-09-04,19,26
2021-08-28,32,43
2021-08-21,22,45
2021-08-14,29,35
2021-08-07,1,9
2021-07-31,9,19
2021-07-24,13,15
2021-07-17,10,45
2021-07-10,16,20
2021-07-03,10,20
2021-06-26,7,27
2021-06-19,15,27
2021-06-12,1,43
2021-06-05,20,35
2021-05-29,22,35
2021-05-22,1,33
2021-05-15,4,21
2021-05-08,18,25
2021-05-01,1,8
2021-04-24,35,36
2021-04-17,22,35
2021-04-10,14,16
2021-04-03,6,43
2021-03-27,15,37
2021-03-20,15,25
2021-03-13,2,4
2021-03-06,6,30
2021-02-27,36,38
2021-02-20,28,45
2021-02-13,24,25
2021-02-06,36,45
2021-01-30,2,26
2021-01-23,31,42
2021-01-16,25,28
2021-01-09,10,12
2021-01-02,26,31
2020-12-26,25,42
2020-12-19,13,33
2020-12-12,1,33
2020-12-05,15,38
2020-11-28,7,41
2020-11-21,7,11
2020-11-14,2,29
2020-11-07,5,10
2020-10-31,6,15
2020-10-24,19,40
2020-10-17,3,17
2020-10-10,2,3
2020-10-03,36,40
2020-09-26,11,14
2020-09-19,12,33
2020-09-12,6,24
2020-09-05,29,36
2020-08-29,4,28
2020-08-22,20,34
2020-08-15,12,45
2020-08-08,19,43
2020-08-01,13,17
2020-07-25,11,12
2020-07-18,10,37
2020-07-11,30,42
2020-07-04,36,41
2020-06-27,23,30
2020-06-20,14,21
2020-06-13,12,28
2020-06-06,41,42
2020-05-30,1,42
2020-05-23,31,38
2020-05-16,15,25
2020-05-09,34,44
2020-05-02,4,35
2020-04-25,18,31
2020-04-18,5,37
2020-04-11,35,37
2020-04-04,7,18
2020-03-28,20,23
2020-03-21,9,43
2020-03-14,3,4
2020-03-07,1,38
2020-02-29,22,45
2020-02-22,7,25
2020-02-15,34,40
2020-02-08,2,39
2020-02-01,5,26
2020-01-25,22,40
2020-01-18,38,40
2020-01-11,15,36
2020-01-04,12,45
2019-12-28,5,33
2019-12-21,4,33
2019-12-14,17,37
2019-12-07,17,22
2019-11-30,14,42
2019-11-23,6,34
2019-11-16,14,21
2019-11-09,14,18
2019-11-02,13,40
2019-10-26,6,38
2019-10-19,33,35
2019-10-12,26,28
2019-10-05,10,23
2019-09-28,12,44
2019-09-21,12,24
2019-09-14,9,43
2019-09-07,7,15
2019-08-31,20,24
2019-08-24,23,29
2019-08-17,29,38
2019-08-10,11,45
2019-08-03,25,27
2019-07-27,5,8
2019-07-20,14,39
2019-07-13,1,7
2019-07-06,1,5
2019-06-29,7,40
2019-06-22,13,21
2019-06-15,5,16
2019-06-08,12,41
2019-06-01,2,36
2019-05-25,28,38
2019-05-18,5,13
2019-05-11,8,22
2019-05-04,15,41
2019-04-27,2,6
2019-04-20,7,19
2019-04-13,4,41
2019-04-06,6,13
2019-03-30,11,22
2019-03-23,11,27
2019-03-16,32,36
2019-03-09,37,40
2019-03-02,4,24
2019-02-23,27,33
2019-02-16,15,22
2019-02-09,33,38
2019-02-02,2,15
2019-01-26,4,39
2019-01-19,28,37
2019-01-12,17,43
2019-01-05,32,42
2018-12-29,22,41
2018-12-22,15,37
2018-12-15,5,42
2018-12-08,7,9
2018-12-01,18,20
2018-11-24,32,42
2018-11-17,16,25
2018-11-10,17,20
2018-11-03,15,42
2018-10-27,6,14
2018-10-20,8,22
2018-10-13,15,18
2018-10-06,15,26
2018-09-29,17,19
2018-09-22,2,28
2018-09-15,26,34
2018-09-08,4,14
2018-09-01,18,19
2018-08-25,9,36
2018-08-18,2,10
2018-08-11,11,18
2018-08-04,36,39
2018-07-28,6,11
2018-07-21,18,33
2018-07-14,10,20
2018-07-07,3,35
2018-06-30,3,24
2018-06-23,16,26
2018-06-16,1,38
2018-06-09,30,43
2018-06-02,2,23
2018-05-26,7,22
2018-05-19,19,40
2018-05-12,32,34
2018-05-05,3,11
2018-04-28,15,41
2018-04-21,3,19
2018-04-14,20,35
2018-04-07,29,30
2018-03-31,11,35
2018-03-24,17,34
2018-03-17,27,45
2018-03-10,25,27
2018-03-03,40,44
2018-02-24,20,28
2018-02-17,17,25
2018-02-10,25,28
2018-02-03,22,31
2018-01-27,26,29
2018-01-20,7,13
2018-01-13,5,11
2018-01-06,13,14
2017-12-30,4,14
2017-12-23,24,42
2017-12-16,12,44
2017-12-09,44,45
2017-12-02,2,9
2017-11-25,1,10
2017-11-18,33,36
2017-11-11,16,21
2017-11-04,41,44
2017-10-28,22,31
2017-10-21,39,44
2017-10-14,9,42
2017-10-07,17,27
2017-09-30,3,33
2017-09-23,2,16
2017-09-16,7,26
2017-09-09,4,9
2017-09-02,2,30
2017-08-26,18,42
2017-08-19,7,17
2017-08-12,34,35
2017-08-05,22,26
2017-07-29,4,25
2017-07-22,7,39
2017-07-15,9,23
2017-07-08,19,28
2017-07-01,1,13
2017-06-24,38,40
2017-06-17,1,2
2017-06-10,6,32
2017-06-03,20,31
2017-05-27,35,36
2017-05-20,5,25
2017-05-13,2,7
2017-05-06,28,31
2017-04-29,1,24
2017-04-22,15,27
2017-04-15,16,41
2017-04-08,21,28
2017-04-01,4,45
2017-03-25,4,27
2017-03-18,2,34
2017-03-11,11,32
2017-03-04,1,44
2017-02-25,5,45
2017-02-18,3,36
2017-02-11,2,21
2017-02-04,3,26
2017-01-28,8,33
2017-01-21,5,38
2017-01-14,20,27
2017-01-07,5,35
2016-12-31,17,38
2016-12-24,15,29
2016-12-17,11,33
2016-12-10,27,42
2016-12-03,15,16
2016-11-26,32,35
2016-11-19,20,31
2016-11-12,34,40
2016-11-05,13,37
2016-10-29,22,36
2016-10-22,29,43
2016-10-15,28,30
2016-10-08,22,35
2016-10-01,10,31
2016-09-24,13,37
2016-09-17,4,39
2016-09-10,25,42
2016-09-03,39,41
2016-08-27,23,31
2016-08-20,3,44
2016-08-13,1,32
2016-08-06,8,22
2016-07-30,22,38
2016-07-23,6,38
2016-07-16,2,10
2016-07-09,11,18
2016-07-02,10,29
2016-06-25,12,23
2016-06-18,4,7
2016-06-11,22,26
2016-06-04,16,44
2016-05-28,11,26
2016-05-21,12,32
2016-05-14,14,30
2016-05-07,8,17
2016-04-30,10,26
2016-04-23,20,26
2016-04-16,26,33
2016-04-09,16,30
2016-04-02,9,33
2016-03-26,21,31
2016-03-19,2,4
2016-03-12,5,30
2016-03-05,19,33
2016-02-27,27,45
2016-02-20,19,36
2016-02-13,6,32
2016-02-06,32,41
2016-01-30,21,30
2016-01-23,12,29
2016-01-16,29,30
2016-01-09,5,11
2016-01-02,37,38
2015-12-26,29,42
2015-12-19,1,4
2015-12-12,22,30
2015-12-05,7,14
2015-11-28,26,36
2015-11-21,15,31
2015-11-14,14,39
2015-11-07,23,37
2015-10-31,13,29
2015-10-24,8,30
2015-10-17,8,21
2015-10-10,30,34
2015-10-03,14,39
2015-09-26,4,44
2015-09-19,19,37
2015-09-12,11,27
2015-09-05,18,30
2015-08-29,5,30
2015-08-22,5,32
2015-08-15,27,43
2015-08-08,14,20
2015-08-01,18,33
2015-07-25,26,34
2015-07-18,15,19
2015-07-11,5,43
2015-07-04,4,14
2015-06-27,21,41
2015-06-20,20,25
2015-06-13,16,29
2015-06-06,12,22
2015-05-30,13,19
2015-05-23,26,34
2015-05-16,12,21
2015-05-09,34,36
2015-05-02,16,44
2015-04-25,11,30
2015-04-18,5,10
2015-04-11,4,27
2015-04-04,16,20
2015-03-28,26,27
2015-03-21,42,43
2015-03-14,24,29
2015-03-07,25,26
2015-02-28,22,41
2015-02-21,3,18
2015-02-14,29,36
2015-02-07,35,36
2015-01-31,4,45
2015-01-24,1,32
2015-01-17,28,32
2015-01-10,33,41
2015-01-03,13,27
2014-12-27,3,41
2014-12-20,2,34
2014-12-13,18,40
2014-12-06,4,23
2014-11-29,13,27
2014-11-22,10,44
2014-11-15,1,23
2014-11-08,23,24
2014-11-01,1,2
2014-10-25,9,31
2014-10-18,23,31
2014-10-11,26,32
2014-10-04,38,41
2014-09-27,24,33
2014-09-20,20,32
2014-09-13,9,22
2014-09-06,18,26
2014-08-30,18,33
2014-08-23,2,4
2014-08-16,25,31
2014-08-09,16,38
2014-08-02,15,32
2014-07-26,20,37
2014-07-19,6,26
2014-07-12,36,37
2014-07-05,18,27
2014-06-28,5,30
2014-06-21,8,24
2014-06-14,24,36
2014-06-07,10,29
2014-05-31,22,27
2014-05-24,26,27
2014-05-17,28,33
2014-05-10,2,9
2014-05-03,7,23
2014-04-26,3,29
2014-04-19,10,15
2014-04-12,23,41
2014-04-05,6,45
2014-03-29,25,27
2014-03-22,17,43
2014-03-15,20,41
2014-03-08,12,17
2014-03-01,14,29
2014-02-22,23,28
2014-02-15,1,34
2014-02-08,18,30
2014-02-01,7,28
2014-01-25,5,14
2014-01-18,15,28
2014-01-11,4,8
2014-01-04,29,37
2013-12-28,13,30
2013-12-21,24,34
2013-12-14,11,21
2013-12-07,15,37
2013-11-30,21,22
2013-11-23,9,22
2013-11-16,9,42
2013-11-09,7,8
2013-11-02,34,35
2013-10-26,11,20
2013-10-19,3,38
2013-10-12,8,38
2013-10-05,19,30
2013-09-28,15,45
2013-09-21,10,37
2013-09-14,25,39
2013-09-07,17,33
2013-08-31,11,42
2013-08-24,6,9
2013-08-17,4,16
2013-08-10,6,22
2013-08-03,10,20
2013-07-27,43,45
2013-07-20,18,37
2013-07-13,18,38
2013-07-06,7,11
2013-06-29,1,8
2013-06-22,5,36
2013-06-15,40,42
2013-06-08,35,39
2013-06-01,16,45
2013-05-25,2,38
2013-05-18,9,35
2013-05-11,39,45
2013-05-04,1,7
2013-04-27,14,25
2013-04-20,8,14
2013-04-13,18,23
2013-04-06,2,8
2013-03-30,2,3
2013-03-23,5,17
2013-03-16,26,38
2013-03-09,3,35
2013-03-02,12,30
2013-02-23,9,20
2013-02-16,13,33
2013-02-09,9,23
2013-02-02,12,38
2013-01-26,8,18
2013-01-19,18,34
2013-01-12,16,30
2013-01-05,1,34
2012-12-29,3,20
2012-12-22,5,38
2012-12-15,6,11
2012-12-08,4,15
2012-12-01,32,42
2012-11-24,6,12
2012-11-17,28,38
2012-11-10,26,37
2012-11-03,6,25
2012-10-27,23,31
2012-10-20,12,16
2012-10-13,30,32
2012-10-06,3,33
2012-09-29,40,44
2012-09-22,22,38
2012-09-15,10,39
2012-09-08,1,30
2012-09-01,5,15
2012-08-25,8,25
2012-08-18,16,19
2012-08-11,10,16
2012-08-04,3,27
2012-07-28,17,29
2012-07-21,14,25
2012-07-14,20,35
2012-07-07,6,29
2012-06-30,14,34
2012-06-23,10,11
2012-06-16,2,21
2012-06-09,31,40
2012-06-02,13,33
2012-05-26,28,42
2012-05-19,2,21
2012-05-12,23,30
2012-05-05,4,11
2012-04-28,3,9
2012-04-21,35,40
2012-04-14,4,17
2012-04-07,7,23
2012-03-31,1,7
2012-03-24,8,10
2012-03-17,27,34
2012-03-10,6,22
2012-03-03,6,16
2012-02-25,29,42
2012-02-18,17,29
2012-02-11,4,9
2012-02-04,11,17
2012-01-28,26,37
2012-01-21,12,30
2012-01-14,8,37
2012-01-07,6,13
2011-12-31,4,37
2011-12-24,28,41
2011-12-17,27,43
2011-12-10,27,45
2011-12-03,1,7
2011-11-26,24,27
2011-11-19,4,34
2011-11-12,8,38
2011-11-05,28,32
2011-10-29,14,19
2011-10-22,24,27
2011-10-15,33,37
2011-10-08,23,27
2011-10-01,4,20
2011-09-24,20,40
2011-09-17,33,40
2011-09-10,4,43
2011-09-03,29,40
2011-08-27,26,29
2011-08-20,4,8
2011-08-13,10,41
2011-08-06,16,34
2011-07-30,34,38
2011-07-23,6,10
2011-07-16,24,34
2011-07-09,39,40
2011-07-02,3,5
2011-06-25,5,13
2011-06-18,10,34
2011-06-11,15,42
2011-06-04,3,38
2011-05-28,22,30
2011-05-21,16,34
2011-05-14,24,40
2011-05-07,4,36
2011-04-30,39,45
2011-04-23,24,41
2011-04-16,28,39
2011-04-09,8,39
2011-04-02,2,8
2011-03-26,27,37
2011-03-19,11,24
2011-03-12,18,32
2011-03-05,1,8
2011-02-26,10,32
2011-02-19,2,8
2011-02-12,23,40
2011-02-05,18,24
2011-01-29,1,13
2011-01-22,16,41
2011-01-15,4,24
2011-01-08,18,22
2010-12-31,3,17
2010-12-25,30,41
2010-12-18,15,22
2010-12-11,12,19
2010-12-04,1,31
2010-11-27,5,40
2010-11-20,27,32
2010-11-13,23,38
2010-11-06,7,45
2010-10-30,15,20
2010-10-23,1,9
2010-10-16,11,34
2010-10-09,8,14
2010-10-02,1,3
2010-09-25,19,29
2010-09-18,15,38
2010-09-11,1,4
2010-09-04,3,21
2010-08-28,10,38
2010-08-21,15,33
2010-08-14,21,25
2010-08-07,21,36
2010-07-31,6,28
2010-07-24,34,43
2010-07-17,14,20
2010-07-10,15,24
2010-07-03,4,36
2010-06-26,21,23
2010-06-19,37,43
2010-06-12,20,35
2010-06-05,20,25
2010-05-29,11,39
2010-05-22,11,43
2010-05-15,8,16
2010-05-08,3,4
2010-05-01,5,44
2010-04-24,7,37
2010-04-17,25,34
2010-04-10,24,44
2010-04-03,2,28
2010-03-27,21,42
2010-03-20,3,39
2010-03-13,35,36
2010-03-06,33,34
2010-02-27,12,30
2010-02-20,11,22
2010-02-13,15,21
2010-02-06,20,33
2010-01-30,11,42
2010-01-23,1,36
2010-01-16,6,35
2010-01-09,29,39
2010-01-02,30,32
2009-12-26,36,37
2009-12-19,26,41
2009-12-12,23,44
2009-12-05,38,45
2009-11-28,17,29
2009-11-21,33,41
2009-11-14,16,25
2009-11-07,4,25
2009-10-31,9,35
2009-10-24,12,17
2009-10-17,5,31
2009-10-10,31,33
2009-10-03,19,40
2009-09-26,22,23
2009-09-19,13,19
2009-09-12,31,45
2009-09-05,31,36
2009-08-29,15,18
2009-08-22,16,24
2009-08-15,2,11
2009-08-08,16,22
2009-08-01,8,29
2009-07-25,36,39
2009-07-18,14,40
2009-07-11,12,24
2009-07-04,6,10
2009-06-27,5,26
2009-06-20,32,44
2009-06-13,23,45
2009-06-06,34,35
2009-05-30,1,22
2009-05-23,10,28
2009-05-16,16,26
2009-05-09,2,40
2009-05-02,14,32
2009-04-25,43,45
2009-04-18,6,9
2009-04-11,42,44
2009-04-04,23,40
2009-03-28,8,43
2009-03-21,9,12
2009-03-14,3,13
2009-03-07,28,36
2009-02-28,6,35
2009-02-21,6,35
2009-02-14,28,29
2009-02-07,6,43
2009-01-31,8,13
2009-01-24,4,14
2009-01-17,18,36
2009-01-10,28,40
2009-01-03,8,23
2008-12-27,25,43
2008-12-20,8,24
2008-12-13,3,22
2008-12-06,16,28
2008-11-29,11,23
2008-11-22,24,33
2008-11-15,18,33
2008-11-08,6,26
2008-11-01,17,39
2008-10-25,1,38
2008-10-18,14,26
2008-10-11,27,37
2008-10-04,11,42
2008-09-27,7,33
2008-09-20,14,18
2008-09-13,6,40
2008-09-06,6,39
2008-08-30,13,31
2008-08-23,34,37
2008-08-16,35,38
2008-08-09,21,29
2008-08-02,28,36
2008-07-26,10,38
2008-07-19,11,32
2008-07-12,36,44
2008-07-05,8,44
2008-06-28,26,36
2008-06-21,21,36
2008-06-14,2,6
2008-06-07,8,32
2008-05-31,5,30
2008-05-24,41,44
2008-05-17,5,43
2008-05-10,4,24
2008-05-03,2,3
2008-04-26,6,10
2008-04-19,12,15
2008-04-12,2,11
2008-04-05,8,43
2008-03-29,2,38
2008-03-22,20,44
2008-03-15,21,27
2008-03-08,40,45
2008-03-01,33,34
2008-02-23,4,28
2008-02-16,34,38
2008-02-09,12,14
2008-02-02,2,4
2008-01-26,26,29
2008-01-19,12,15
2008-01-12,11,16
2008-01-05,8,34
2007-12-29,5,11
2007-12-22,11,21
2007-12-15,5,23
2007-12-08,13,41
2007-12-01,8,17
2007-11-24,12,19
2007-11-17,28,30
2007-11-10,7,42
2007-11-03,10,19
2007-10-27,1,41
2007-10-20,9,42
2007-10-13,2,12
2007-10-06,11,41
2007-09-29,1,28
2007-09-22,25,41
2007-09-15,4,11
2007-09-08,11,31
2007-09-01,9,24
2007-08-25,11,34
2007-08-18,39,43
2007-08-11,7,10
2007-08-04,35,45
2007-07-28,22,28
2007-07-21,2,23
2007-07-14,4,9
2007-07-07,2,10
2007-06-30,3,28
2007-06-23,22,45
2007-06-16,34,36
2007-06-09,3,7
2007-06-02,11,33
2007-05-26,34,38
2007-05-19,7,23
2007-05-12,15,37
2007-05-05,16,39
2007-04-28,17,23
2007-04-21,7,29
2007-04-14,7,24
2007-04-07,6,44
2007-03-31,17,19
2007-03-24,1,35
2007-03-17,28,40
2007-03-10,37,44
2007-03-03,25,39
2007-02-24,8,36
2007-02-17,28,36
2007-02-10,21,32
2007-02-03,13,14
2007-01-27,8,27
2007-01-20,22,35
2007-01-13,20,44
2007-01-06,7,38
2006-12-30,23,45
2006-12-23,23,34
2006-12-16,43,44
2006-12-09,6,31
2006-12-02,26,43
2006-11-25,25,45
2006-11-18,14,40
2006-11-11,1,11
2006-11-04,37,45
2006-10-28,3,10
2006-10-21,16,34
2006-10-14,10,23
2006-10-07,15,29
2006-09-30,30,37
2006-09-23,10,14
2006-09-16,6,27
2006-09-09,26,31
2006-09-02,21,36
2006-08-26,4,41
2006-08-19,27,33
2006-08-12,15,25
2006-08-05,6,23
2006-07-29,1,14
2006-07-22,6,21
2006-07-15,14,21
2006-07-08,16,18
2006-07-01,12,39
2006-06-24,19,31
2006-06-17,14,44
2006-06-10,33,43
2006-06-03,28,43
2006-05-27,35,45
2006-05-20,6,22
2006-05-13,15,44
2006-05-06,9,30
2006-04-29,15,27
2006-04-22,33,34
2006-04-15,20,29
2006-04-08,34,36
2006-04-01,26,44
2006-03-25,6,40
2006-03-18,9,14
2006-03-11,2,15
2006-03-04,10,23
2006-02-25,23,28
2006-02-18,5,44
2006-02-11,6,43
2006-02-04,16,42
2006-01-28,7,21
2006-01-21,32,43
2006-01-14,20,39
2006-01-07,23,45
2005-12-31,14,25
2005-12-24,28,31
2005-12-17,22,29
2005-12-10,21,37
2005-12-03,22,45
2005-11-26,7,19
2005-11-19,15,31
2005-11-12,15,41
2005-11-05,5,21
2005-10-29,18,20
2005-10-22,18,34
2005-10-15,19,44
2005-10-08,29,42
2005-10-01,38,40
2005-09-24,12,21
2005-09-17,4,33
2005-09-10,17,34
2005-09-03,1,10
2005-08-27,29,43
2005-08-20,10,40
2005-08-13,35,43
2005-08-06,34,35
2005-07-30,35,45
2005-07-23,15,43
2005-07-16,14,33
2005-07-09,13,26
2005-07-02,32,44
2005-06-25,25,42
2005-06-18,39,44
2005-06-11,12,41
2005-06-04,5,9
2005-05-28,23,40
2005-05-21,7,8
2005-05-14,15,41
2005-05-07,17,27
2005-04-30,25,27
2005-04-23,14,42
2005-04-16,27,44
2005-04-09,22,35
2005-04-02,20,29
2005-03-26,6,8
2005-03-19,11,24
2005-03-12,32,36
2005-03-05,12,23
2005-02-26,11,45
2005-02-19,5,43
2005-02-12,22,39
2005-02-05,24,31
2005-01-29,2,31
2005-01-22,9,41
2005-01-15,3,40
2005-01-08,15,37
2004-12-31,9,37
2004-12-25,1,21
2004-12-18,1,38
2004-12-11,35,39
2004-12-04,11,12
2004-11-27,14,43
2004-11-20,20,23
2004-11-13,8,10
2004-11-06,2,30
2004-10-30,2,43
2004-10-23,1,23
2004-10-16,28,34
2004-10-09,1,5
2004-10-02,1,43
2004-09-25,13,42
2004-09-18,12,28
2004-09-11,29,32
2004-09-04,24,35
2004-08-28,27,33
2004-08-21,15,22
2004-08-14,7,30
2004-08-07,33,38
2004-07-31,7,32
2004-07-24,24,30
2004-07-17,5,42
2004-07-10,1,40
2004-07-03,5,35
2004-06-26,10,36
2004-06-19,4,6
2004-06-12,5,43
2004-06-05,21,25
2004-05-29,26,29
2004-05-22,18,35
2004-05-15,27,29
2004-05-08,18,24
2004-05-01,5,36
2004-04-24,2,6
2004-04-17,1,2
2004-04-10,28,34
2004-04-03,2,26
2004-03-27,21,37
2004-03-20,10,25
2004-03-13,9,19
2004-03-06,6,15
2004-02-28,11,16
2004-02-21,2,42
2004-02-14,19,30
2004-02-07,1,13
2004-01-31,7,30
2004-01-24,27,41
2004-01-17,31,41
2004-01-10,39,43
2004-01-03,12,25
2003-12-27,3,21
2003-12-20,41,45
2003-12-13,43,44
2003-12-06,33,36
2003-11-29,8,18
2003-11-22,9,28
2003-11-15,40,45
2003-11-08,12,27
2003-11-01,19,29
2003-10-25,4,30
2003-10-18,7,35
2003-10-11,10,32
2003-10-04,12,16
2003-09-27,29,40
2003-09-20,24,32
2003-09-13,2,6
2003-09-06,27,38
2003-08-30,32,45
2003-08-23,14,32
2003-08-16,8,39
2003-08-09,8,9
2003-08-02,3,13
2003-07-26,19,41
2003-07-19,28,42
2003-07-12,9,38
2003-07-05,13,31
2003-06-28,35,39
2003-06-21,2,6
2003-06-14,20,23
2003-06-07,3,21
2003-05-31,16,39
2003-05-24,25,38
2003-05-17,20,32
2003-05-10,9,45
2003-05-03,14,28
2003-04-26,8,33
2003-04-19,6,29
2003-04-12,12,14
2003-04-05,2,15
2003-03-29,26,44
2003-03-22,36,45
2003-03-15,21,37
2003-03-08,15,16
2003-03-01,22,24
2003-02-22,2,17
2003-02-15,13,27
2003-02-08,8,28
2003-02-01,12,28
2003-01-25,28,39
2003-01-18,34,40
2003-01-11,13,40
2003-01-04,13,43
2002-12-28,2,9
2002-12-21,11,33
2002-12-14,4,36
2002-12-07,16,31
2002-11-30,21,32
2002-11-23,2,13
2002-11-16,7,38
2002-11-09,18,39
2002-11-02,44,45
2002-10-26,4,12
2002-10-19,12,34
2002-10-12,2,6
2002-10-05,32,37
2002-09-28,6,19
2002-09-21,24,41
2002-09-14,8,20
2002-09-07,32,40
2002-08-31,4,9
2002-08-24,20,44
2002-08-17,33,40
2002-08-10,33,43
2002-08-03,6,18
2002-07-27,17,44
2002-07-20,17,30
2002-07-13,4,29
2002-07-06,3,26
2002-06-29,22,28
2002-06-22,24,41
2002-06-15,11,39
2002-06-08,32,38
2002-06-01,8,24
2002-05-25,10,40
2002-05-18,28,30
2002-05-11,11,43
2002-05-04,6,44
2002-04-27,36,37
2002-04-20,8,16
2002-04-13,15,31
2002-04-06,2,43
2002-03-30,27,38
2002-03-23,36,41
2002-03-16,11,35
2002-03-09,14,22
2002-03-02,30,32
2002-02-23,7,9
2002-02-16,23,29
2002-02-09,20,33
2002-02-02,37,41
2002-01-26,29,37
2002-01-19,12,13
2002-01-12,21,41
2002-01-05,2,26
2001-12-29,16,17
2001-12-22,5,16
2001-12-15,1,42
2001-12-08,17,38
2001-12-01,23,40
2001-11-24,7,34
2001-11-17,7,33
2001-11-10,40,44
2001-11-03,3,21
2001-10-27,4,26
2001-10-20,10,27
2001-10-13,10,32
2001-10-06,9,35
2001-09-29,15,19
2001-09-22,11,39
2001-09-15,28,42
2001-09-08,4,39
2001-09-01,8,44
2001-08-25,33,41
2001-08-18,39,42
2001-08-11,16,29
2001-08-04,15,42
2001-07-28,1,39
2001-07-21,16,23
2001-07-14,2,20
2001-07-07,16,39
2001-06-30,30,37
2001-06-23,4,32
2001-06-16,5,19
2001-06-09,13,19
2001-06-02,37,40
2001-05-26,6,15
2001-05-19,3,32
2001-05-12,16,31
2001-05-05,44,45
2001-04-28,15,33
2001-04-21,26,36
2001-04-14,14,41
2001-04-07,11,18
2001-03-31,1,2
2001-03-24,14,39
2001-03-17,7,11
2001-03-10,1,41
2001-03-03,5,20
2001-02-24,4,23
2001-02-17,11,17
2001-02-10,14,42
2001-02-03,26,39
2001-01-27,3,23
2001-01-20,32,34
2001-01-13,1,25
2001-01-06,2,30
2000-12-30,17,28
2000-12-23,2,35
2000-12-16,14,23
2000-12-09,19,25
2000-12-02,24,30
2000-11-25,16,27
2000-11-18,7,36
2000-11-11,22,29
2000-11-04,36,37
2000-10-28,26,36
2000-10-21,23,36
2000-10-14,12,21
2000-10-07,9,41
2000-09-30,10,31
2000-09-23,17,23
2000-09-16,22,44
2000-09-09,19,36
2000-09-02,32,45
2000-08-26,13,29
2000-08-19,10,14
2000-08-12,20,34
2000-08-05,22,40
2000-07-29,23,43
2000-07-22,6,34
2000-07-15,14,35
2000-07-08,11,23
2000-07-01,23,29
2000-06-24,7,45
2000-06-17,8,26
2000-06-10,9,13
2000-06-03,6,40
2000-05-27,10,32
2000-05-20,1,30
2000-05-13,14,39
2000-05-06,10,36
2000-04-29,8,14
2000-04-22,6,10
2000-04-15,36,44
2000-04-08,23,24
2000-04-01,18,34
2000-03-25,12,31
2000-03-18,8,23
2000-03-11,18,21
2000-03-04,30,44
2000-02-26,12,25
2000-02-19,22,36
2000-02-12,2,29
2000-02-05,13,41
2000-01-29,18,41
2000-01-22,8,30
2000-01-15,5,20
2000-01-08,20,34
1999-12-31,3,12
1999-12-25,2,26
1999-12-18,22,29
1999-12-11,28,36
1999-12-04,16,20
1999-11-27,7,19
1999-11-20,18,32
1999-11-13,3,18
1999-11-06,19,40
1999-10-30,15,31
1999-10-23,17,18
1999-10-16,4,6
1999-10-09,2,43
1999-10-02,17,28
1999-09-25,8,45
1999-09-18,43,45
1999-09-11,14,17
1999-09-04,4,6
1999-08-28,6,17
1999-08-21,6,22
1999-08-14,18,28
1999-08-07,1,19
1999-07-31,39,42
1999-07-24,17,31
1999-07-17,6,10
1999-07-10,7,11
1999-07-03,10,26
1999-06-26,31,43
1999-06-19,28,35
1999-06-12,9,32
1999-06-05,25,44
1999-05-29,11,20
1999-05-22,20,31
1999-05-15,6,13
1999-05-08,4,41
1999-05-01,16,17
1999-04-24,11,42
1999-04-17,7,25
1999-04-10,33,43
1999-04-03,19,31
1999-03-27,35,38
1999-03-20,1,10
1999-03-13,32,37
1999-03-06,23,42
1999-02-27,17,30
1999-02-20,7,13
1999-02-13,22,24
1999-02-06,24,38
1999-01-30,14,41
1999-01-23,1,7
1999-01-16,25,26
1999-01-09,28,42
1999-01-02,9,45
1998-12-26,11,27
1998-12-19,36,41
1998-12-12,6,34
1998-12-05,2,24
1998-11-28,8,14
1998-11-21,2,25
1998-11-14,35,41
1998-11-07,9,44
1998-10-31,39,43
1998-10-24,9,13
1998-10-17,3,38
1998-10-10,14,25
1998-10-03,9,23
1998-09-26,7,35
1998-09-19,5,13
1998-09-12,26,28
1998-09-05,15,25
1998-08-29,24,32
1998-08-22,16,44
1998-08-15,9,33
1998-08-08,4,42
1998-08-01,18,32
1998-07-25,6,37
1998-07-18,3,7
1998-07-11,9,23
1998-07-04,4,45
1998-06-27,18,44
1998-06-20,10,33
1998-06-13,6,7
1998-06-06,14,15
1998-05-30,19,30
1998-05-23,3,21
1998-05-16,33,43
1998-05-09,8,25
1998-05-02,15,21
1998-04-25,13,21
1998-04-18,18,28
1998-04-11,2,33
1998-04-04,8,14
1998-03-28,33,43
1998-03-21,5,23
1998-03-14,6,24
1998-03-07,22,30
1998-02-28,14,15
1998-02-21,2,5
1998-02-14,10,42
1998-02-07,11,23
1998-01-31,17,44
1998-01-24,17,27
1998-01-17,26,45
1998-01-10,5,7
1998-01-03,2,17
1997-12-27,16,22
1997-12-20,17,18
1997-12-13,20,33
1997-12-06,11,16
1997-11-29,1,33
1997-11-22,3,8
1997-11-15,13,45
1997-11-08,25,40
1997-11-01,27,32
1997-10-25,4,21
1997-10-18,12,13
1997-10-11,19,32
1997-10-04,18,20
1997-09-27,3,45
1997-09-20,9,35
1997-09-13,15,38
1997-09-06,3,29
1997-08-30,14,28
1997-08-23,36,37
1997-08-16,24,33
1997-08-09,1,34
1997-08-02,7,8
1997-07-26,38,40
1997-07-19,13,42
1997-07-12,32,35
1997-07-05,29,36
1997-06-28,17,19
1997-06-21,5,18
1997-06-14,17,33
1997-06-07,16,22
1997-05-31,11,12
1997-05-24,13,21
1997-05-17,3,36
1997-05-10,22,26
1997-05-03,8,26
1997-04-26,4,35
1997-04-19,10,42
1997-04-12,12,16
1997-04-05,16,32
1997-03-29,17,33
1997-03-22,23,26
1997-03-15,9,40
1997-03-08,13,41
1997-03-01,10,24
1997-02-22,11,21
1997-02-15,13,43
1997-02-08,19,41
1997-02-01,42,44
1997-01-25,23,38
1997-01-18,19,25
1997-01-11,8,13
1997-01-04,11,12
1996-12-28,8,39
1996-12-21,14,34
1996-12-14,24,25
1996-12-07,16,22
1996-11-30,6,21
1996-11-23,19,20
1996-11-16,28,44
1996-11-09,8,23
1996-11-02,25,34
1996-10-26,4,28
1996-10-19,2,13
1996-10-12,39,44
1996-10-05,24,27
1996-09-28,30,35
1996-09-21,11,40
1996-09-14,5,10
1996-09-07,21,30
1996-08-31,4,19
1996-08-24,17,33
1996-08-17,1,28
1996-08-10,27,40
1996-08-03,11,26
1996-07-27,29,35
1996-07-20,17,19
1996-07-13,23,26
1996-07-06,1,26
1996-06-29,3,33
1996-06-22,30,31
1996-06-15,16,41
1996-06-08,15,43
1996-06-01,23,45
1996-05-25,9,39
1996-05-18,15,17
1996-05-11,11,24
1996-05-04,23,31
1996-04-27,2,28
1996-04-20,12,42
1996-04-13,8,14
1996-04-06,7,38
1996-03-30,11,15
1996-03-23,10,26
1996-03-16,1,2
1996-03-09,11,42
1996-03-02,8,25
1996-02-24,3,40
1996-02-17,14,30
1996-02-10,13,39
1996-02-03,31,35
1996-01-27,4,31
1996-01-20,8,10
1996-01-13,11,29
1996-01-06,8,21
1995-12-30,19,34
1995-12-23,19,27
1995-12-16,14,32
1995-12-09,13,34
1995-12-02,30,35
1995-11-25,26,43
1995-11-18,5,12
1995-11-11,6,11
1995-11-04,13,29
1995-10-28,10,26
1995-10-21,37,43
1995-10-14,39,43
1995-10-07,13,22
1995-09-30,3,7
1995-09-23,10,37
1995-09-16,7,39
1995-09-09,4,24
1995-09-02,2,20
1995-08-26,20,43
1995-08-19,17,26
1995-08-12,3,8
1995-08-05,17,29
1995-07-29,19,28
1995-07-22,8,37
1995-07-15,6,42
1995-07-08,10,13
1995-07-01,2,17
1995-06-24,18,25
1995-06-17,6,26
1995-06-10,39,43
1995-06-03,4,19
1995-05-27,7,37
1995-05-20,30,37
1995-05-13,28,44
1995-05-06,4,26
1995-04-29,7,43
1995-04-22,7,26
1995-04-15,23,29
1995-04-08,25,39
1995-04-01,2,42
1995-03-25,15,27
1995-03-18,23,24
1995-03-11,9,31
1995-03-04,13,44
1995-02-25,15,32
1995-02-18,1,42
1995-02-11,12,36
1995-02-04,20,31
1995-01-28,16,45
1995-01-21,40,42
1995-01-14,40,43
1995-01-07,1,7
1994-12-31,32,40
1994-12-24,21,32
1994-12-17,21,24
1994-12-10,5,12
1994-12-03,6,33
1994-11-26,2,39
1994-11-19,2,23
1994-11-12,14,41
1994-11-05,42,45
1994-10-29,9,42
1994-10-22,28,38
1994-10-15,27,39
1994-10-08,14,26
1994-10-01,8,23
1994-09-24,27,36
1994-09-17,32,44
1994-09-10,12,17
1994-09-03,32,39
1994-08-27,17,45
1994-08-20,1,15
1994-08-13,4,33
1994-08-06,7,13
1994-07-30,2,29
1994-07-23,4,20
1994-07-16,26,41
1994-07-09,43,45
1994-07-02,42,45
1994-06-25,19,41
1994-06-18,1,43
1994-06-11,4,23
1994-06-04,3,4
1994-05-28,5,7
1994-05-21,18,40
1994-05-14,4,10
1994-05-07,2,18
1994-04-30,23,36
1994-04-23,1,20
1994-04-16,25,28
1994-04-09,30,33
1994-04-02,23,34
1994-03-26,1,28
1994-03-19,14,42
1994-03-12,11,40
1994-03-05,1,35
1994-02-26,3,21
1994-02-19,18,31
1994-02-12,37,43
1994-02-05,15,44
1994-01-29,1,39
1994-01-22,17,38
1994-01-15,9,33
1994-01-08,23,26
1994-01-01,34,35
1993-12-25,15,37
1993-12-18,3,22
1993-12-11,10,12
1993-12-04,21,35
1993-11-27,11,38
1993-11-20,17,45
1993-11-13,1,21
1993-11-06,9,29
1993-10-30,14,38
1993-10-23,33,40
1993-10-16,5,23
1993-10-09,5,20
1993-10-02,3,43
1993-09-25,18,30
1993-09-18,3,25
1993-09-11,7,13
1993-09-04,3,4
1993-08-28,9,18
1993-08-21,29,33
1993-08-14,18,19
1993-08-07,9,19
1993-07-31,31,40
1993-07-24,3,28
1993-07-17,5,9
1993-07-10,2,32
1993-07-03,25,29
1993-06-26,3,23
1993-06-19,8,35
1993-06-12,4,28
1993-06-05,19,44
1993-05-29,15,25
1993-05-22,19,30
1993-05-15,2,44
1993-05-08,1,38
1993-05-01,13,28
1993-04-24,15,17
1993-04-17,20,29
1993-04-10,2,41
1993-04-03,4,22
1993-03-27,14,34
1993-03-20,8,9
1993-03-13,1,7
1993-03-06,31,40
1993-02-27,9,34
1993-02-20,18,19
1993-02-13,10,27
1993-02-06,8,38
1993-01-30,15,34
1993-01-23,7,31
1993-01-16,10,32
1993-01-09,38,42
1993-01-02,19,23
1992-12-26,22,24
1992-12-19,13,33
1992-12-12,8,30
1992-12-05,1,22
1992-11-28,31,37
1992-11-21,43,44
1992-11-14,6,15
1992-11-07,41,42
1992-10-31,12,40
1992-10-24,35,37
1992-10-17,22,40
1992-10-10,4,13
1992-10-03,7,22
1992-09-26,23,25
1992-09-19,29,39
1992-09-12,1,11
1992-09-05,11,33
1992-08-29,37,45
1992-08-22,5,45
1992-08-15,11,45
1992-08-08,41,43
1992-08-01,14,21
1992-07-25,18,29
1992-07-18,1,2
1992-07-11,7,27
1992-07-04,28,29
1992-06-27,4,40
1992-06-20,11,38
1992-06-13,7,44
1992-06-06,7,33
1992-05-30,15,36
1992-05-23,27,31
1992-05-16,5,26
1992-05-09,8,12
1992-05-02,1,20
1992-04-25,20,26
1992-04-18,8,22
1992-04-11,36,39
1992-04-04,12,28
1992-03-28,28,42
1992-03-21,30,44
1992-03-14,12,40
1992-03-07,16,43
1992-02-29,5,44
1992-02-22,14,45
1992-02-15,23,25
1992-02-08,13,29
1992-02-01,18,36
1992-01-25,6,21
1992-01-18,9,21
1992-01-11,7,30
1992-01-04,3,38
1991-12-28,4,35
1991-12-21,18,26
1991-12-14,4,27
1991-12-07,8,14
1991-11-30,20,40
1991-11-23,3,31
1991-11-16,13,35
1991-11-09,7,35
1991-11-02,13,23
1991-10-26,23,35
1991-10-19,37,42
1991-10-12,3,34
1991-10-05,5,8
1991-09-28,11,33
1991-09-21,10,19
1991-09-14,20,24
1991-09-07,9,42
1991-08-31,2,14
1991-08-24,9,32
1991-08-17,16,28
1991-08-10,10,39
1991-08-03,29,39
1991-07-27,35,43
1991-07-20,5,20
1991-07-13,30,34
1991-07-06,33,45
1991-06-29,2,6
1991-06-22,22,41
1991-06-15,28,33
1991-06-08,32,40
1991-06-01,1,5
1991-05-25,23,31
1991-05-18,4,36
1991-05-11,1,4
1991-05-04,25,45
1991-04-27,3,7
1991-04-20,14,21
1991-04-13,23,29
1991-04-06,8,43
1991-03-30,6,15
1991-03-23,13,26
1991-03-16,11,30
1991-03-09,15,31
1991-03-02,11,44
1991-02-23,9,14
1991-02-16,29,34
1991-02-09,23,38
1991-02-02,41,44
1991-01-26,3,8
1991-01-19,14,34
1991-01-12,15,31
1991-01-05,2,40
1990-12-29,10,25
1990-12-22,4,9
1990-12-15,25,38
1990-12-08,17,20
1990-12-01,10,40
1990-11-24,11,36
1990-11-17,15,38
1990-11-10,31,42
1990-11-03,16,20
1990-10-27,32,42
1990-10-20,40,45
1990-10-13,24,30
1990-10-06,21,42
1990-09-29,17,20
1990-09-22,4,34
1990-09-15,18,39
1990-09-08,20,27
1990-09-01,25,40
1990-08-25,3,17
1990-08-18,29,33
1990-08-11,32,39
1990-08-04,33,42
1990-07-28,13,25
1990-07-21,29,34
1990-07-14,27,37
1990-07-07,2,12
1990-06-30,2,41
1990-06-23,20,37
1990-06-16,2,36
1990-06-09,17,42
1990-06-02,9,38
1990-05-26,33,35
1990-05-19,33,38
1990-05-12,22,39
1990-05-05,17,32
1990-04-28,13,14
1990-04-21,43,45
1990-04-14,4,43
1990-04-07,8,30
1990-03-31,22,28
1990-03-24,7,8
1990-03-17,13,37
1990-03-10,2,24
1990-03-03,25,26
1990-02-24,38,40
1990-02-17,30,45
1990-02-10,21,27
1990-02-03,1,21
1990-01-27,19,42
1990-01-20,5,9
1990-01-13,9,40
1990-01-06,21,35
1989-12-30,34,43
1989-12-23,4,19
1989-12-16,29,42
1989-12-09,17,18
1989-12-02,17,29
1989-11-25,1,16
1989-11-18,31,37
1989-11-11,5,26
1989-11-04,23,24
1989-10-28,15,42
1989-10-21,22,26
1989-10-14,22,36
1989-10-07,26,27
1989-09-30,4,7
1989-09-23,3,20
1989-09-16,5,12
1989-09-09,2,24
1989-09-02,4,34
1989-08-26,13,28
1989-08-19,28,34
1989-08-12,12,34
1989-08-05,5,28
1989-07-29,12,30
1989-07-22,14,40
1989-07-15,7,43
1989-07-08,5,43
1989-07-01,12,19
1989-06-24,14,16
1989-06-17,11,27
1989-06-10,2,25
1989-06-03,5,9
1989-05-27,22,33
1989-05-20,40,45
1989-05-13,31,41
1989-05-06,21,32
1989-04-29,5,13
1989-04-22,25,32
1989-04-15,17,41
1989-04-08,15,38
1989-04-01,4,39
1989-03-25,41,42
1989-03-18,30,41
1989-03-11,10,12
1989-03-04,20,43
1989-02-25,15,23
1989-02-18,2,45
1989-02-11,36,42
1989-02-04,15,22
1989-01-28,39,41
1989-01-21,15,28
1989-01-14,21,36
1989-01-07,25,30
1988-12-31,7,8
1988-12-24,9,12
1988-12-17,37,44
1988-12-10,7,21
1988-12-03,29,41
1988-11-26,1,39
1988-11-19,13,42
1988-11-12,18,32
1988-11-05,19,45
1988-10-29,28,40
1988-10-22,17,44
1988-10-15,4,34
1988-10-08,17,31
1988-10-01,5,19
1988-09-24,15,29
1988-09-17,1,28
1988-09-10,8,45
1988-09-03,11,41
1988-08-27,4,15
1988-08-20,22,34
1988-08-13,7,10
1988-08-06,35,38
1988-07-30,20,36
1988-07-23,5,45
1988-07-16,9,13
1988-07-09,2,19
1988-07-02,4,44
1988-06-25,13,25
1988-06-18,35,36
1988-06-11,21,27
1988-06-04,2,36
1988-05-28,30,31
1988-05-21,24,43
1988-05-14,2,15
1988-05-07,35,36
1988-04-30,17,36
1988-04-23,30,36
1988-04-16,20,21
1988-04-09,1,13
1988-04-02,3,31
1988-03-26,18,30
1988-03-19,4,23
1988-03-12,8,29
1988-03-05,29,40
1988-02-27,5,28
1988-02-20,23,44
1988-02-13,3,31
1988-02-06,23,31
1988-01-30,28,40
1988-01-23,6,35
1988-01-16,24,34
1988-01-09,11,29
1988-01-02,23,44
1987-12-26,13,23
1987-12-19,12,13
1987-12-12,3,45
1987-12-05,37,45
1987-11-28,21,28
1987-11-21,5,39
1987-11-14,8,43
1987-11-07,13,14
1987-10-31,19,45
1987-10-24,5,10
1987-10-17,9,32
1987-10-10,40,45
1987-10-03,2,24
1987-09-26,26,28
1987-09-19,16,20
1987-09-12,17,23
1987-09-05,8,31
1987-08-29,15,25
1987-08-22,10,40
1987-08-15,1,44
1987-08-08,7,15
1987-08-01,10,34
1987-07-25,21,22
1987-07-18,10,27
1987-07-11,30,37
1987-07-04,11,34
1987-06-27,15,23
1987-06-20,16,36
1987-06-13,20,39
1987-06-06,6,39
1987-05-30,13,19
1987-05-23,22,35
1987-05-16,30,35
1987-05-09,5,41
1987-05-02,7,25
1987-04-25,10,14
1987-04-18,3,8
1987-04-11,15,41
1987-04-04,10,16
1987-03-28,33,39
1987-03-21,21,34
1987-03-14,11,44
1987-03-07,37,40
1987-02-28,23,32
1987-02-21,8,27
1987-02-14,10,15
1987-02-07,5,15
1987-01-31,41,43
1987-01-24,8,34
1987-01-17,10,45
1987-01-10,4,33
1987-01-03,10,31
1986-12-27,3,17
1986-12-20,41,45
1986-12-13,34,36
1986-12-06,6,36
1986-11-29,23,34
1986-11-22,5,39
1986-11-15,8,38
1986-11-08,26,41
1986-11-01,23,28
1986-10-25,22,43
1986-10-18,23,34
1986-10-11,23,39
1986-10-04,31,32
1986-09-27,20,30
1986-09-20,36,45
1986-09-13,3,20
1986-09-06,14,42
1986-08-30,26,35
2025-12-06,31,44
2025-11-29,3,11
2025-11-22,5,8
2025-11-15,20,25
2025-11-08,34,39
2025-11-01,15,36
2025-10-25,1,17
2025-10-18,28,43
2025-10-11,17,30
2025-10-04,11,35
2025-09-27,6,10
2025-09-20,15,34
2025-09-13,26,36
2025-09-06,23,36
2025-08-30,2,14
2025-08-23,8,26
2025-08-16,24,32
2025-08-09,3,6
2025-08-02,9,16
2025-07-26,27,39
2025-07-19,9,34
2025-07-12,20,31
2025-07-05,1,11
2025-06-28,16,22
2025-12-13,25,41
2025-12-20,6,14
2025-12-27,22,42
