2025-06-21,1,6,10,24,30,42
2025-06-14,1,6,10,17,19,28
2025-06-07,11,13,22,26,30,36
2025-05-31,5,7,9,23,27,45
2025-05-24,5,13,33,35,36,37
2025-05-17,9,19,31,37,40,44
2025-05-10,1,18,25,35,38,45
2025-05-03,16,27,29,30,34,43
2025-04-26,1,7,21,32,38,42
2025-04-19,10,14,19,21,28,44
2025-04-12,3,6,13,17,22,45
2025-04-05,3,10,23,27,42,43
2025-03-29,1,3,17,21,36,41
2025-03-22,11,16,29,34,42,45
2025-03-15,3,13,15,16,27,30
2025-03-08,2,16,18,28,29,38
2025-03-01,3,6,11,12,13,37
2025-02-22,2,5,26,28,31,39
2025-02-15,8,18,19,31,41,43
2025-02-08,6,15,25,35,40,42
2025-02-01,1,7,8,12,18,41
2025-01-25,8,12,15,21,28,34
2025-01-18,7,11,15,19,34,45
2025-01-11,6,8,18,19,29,38
2025-01-04,8,10,19,23,31,33
2024-12-28,4,12,26,29,40,41
2024-12-21,9,18,25,27,38,44
2024-12-14,6,7,11,21,30,35
2024-12-07,1,7,11,13,16,35
2024-11-30,8,13,16,30,39,41
2024-11-23,3,6,17,25,40,42
2024-11-16,5,6,8,29,38,44
2024-11-09,5,6,30,37,39,43
2024-11-02,1,3,6,10,18,42
2024-10-26,1,25,29,35,42,43
2024-10-19,5,15,22,26,33,43
2024-10-12,2,8,10,21,28,45
2024-10-05,13,15,18,24,27,30
2024-09-28,15,19,29,34,37,40
2024-09-21,6,21,24,29,32,42
2024-09-14,6,14,22,32,34,38
2024-09-07,7,13,15,16,20,38
2024-08-31,4,6,15,20,32,39
2024-08-24,5,8,42,43,44,45
2024-08-17,1,3,15,23,25,41
2024-08-10,4,10,37,38,42,45
2024-08-03,10,11,12,13,41,45
2024-07-27,4,11,20,27,37,45
2024-07-20,17,23,25,29,30,31
2024-07-13,1,2,18,21,24,36
2024-07-06,3,4,15,20,26,44
2024-06-29,10,21,24,30,44,45
2024-06-22,2,22,35,37,38,40
2024-06-15,12,23,34,36,38,40
2024-06-08,3,13,14,24,30,32
2024-06-01,5,21,22,28,39,42
2024-05-25,8,10,22,35,36,38
2024-05-18,9,13,20,26,32,43
2024-05-11,17,20,21,31,41,44
2024-05-04,5,12,14,26,29,42
2024-04-27,1,7,20,26,34,39
2024-04-20,6,16,19,25,43,44
2024-04-13,1,3,16,18,19,25
2024-04-06,5,6,14,36,37,45
2024-03-30,9,12,15,42,43,44
2024-03-23,1,12,16,17,19,32
2024-03-16,3,17,28,35,40,44
2024-03-09,2,3,11,17,25,31
2024-03-02,5,8,15,18,19,30
2024-02-24,16,17,26,38,39,42
2024-02-17,7,11,22,25,28,34
2024-02-10,1,2,12,13,20,42
2024-02-03,3,11,19,22,23,29
2024-01-27,5,8,13,24,29,36
2024-01-20,11,22,27,33,35,37
2024-01-13,8,33,37,39,40,41
2024-01-06,12,13,17,34,36,42
2023-12-30,2,3,11,23,38,39
2023-12-23,1,20,24,31,37,39
2023-12-16,8,12,13,17,39,41
2023-12-09,9,11,25,32,33,44
2023-12-02,10,14,21,22,23,42
2023-11-25,17,20,30,36,37,44
2023-11-18,7,8,15,16,26,31
2023-11-11,1,2,23,24,28,30
2023-11-04,1,5,14,15,34,42
2023-10-28,12,13,14,18,30,35
2023-10-21,2,7,12,29,30,31
2023-10-14,7,10,11,23,24,38
2023-10-07,18,23,25,28,35,37
2023-09-30,6,20,27,29,43,45
2023-09-23,4,13,16,21,29,45
2023-09-16,11,23,27,28,37,41
2023-09-09,7,9,11,14,15,29
2023-09-02,9,16,32,37,40,41
2023-08-26,6,10,18,32,33,37
2023-08-19,14,16,24,34,41,44
2023-08-12,5,10,30,32,34,42
2023-08-05,1,2,18,24,36,43
2023-07-29,3,14,32,37,42,45
2023-07-22,1,5,14,26,32,33
2023-07-15,18,25,31,32,37,39
2023-07-08,5,26,29,34,37,41
2023-07-01,6,7,19,21,26,38
2023-06-24,4,8,21,29,30,37
2023-06-17,8,24,27,36,39,41
2023-06-10,2,11,12,23,42,43
2023-06-03,1,12,24,26,37,41
2023-05-27,7,8,22,28,34,37
2023-05-20,2,8,11,12,25,32
2023-05-13,6,22,23,24,33,36
2023-05-06,2,8,13,17,30,35
2023-04-29,4,15,16,18,35,45
2023-04-22,4,29,32,34,38,41
2023-04-15,4,16,23,31,39,43
2023-04-08,4,6,9,11,13,40
2023-04-01,5,10,25,36,39,45
2023-03-25,8,9,10,14,39,42
2023-03-18,1,6,15,21,43,44
2023-03-11,1,4,9,10,29,42
2023-03-04,1,9,13,32,33,34
2023-02-25,4,12,13,15,29,45
2023-02-18,8,11,16,24,30,34
2023-02-11,4,7,19,20,21,22
2023-02-04,11,27,31,34,39,45
2023-01-28,7,24,27,30,39,44
2023-01-21,9,10,11,23,32,40
2023-01-14,11,19,30,37,39,45
2023-01-07,2,9,11,17,18,38
2022-12-31,11,20,23,35,42,45
2022-12-24,4,7,8,24,32,39
2022-12-17,3,8,28,36,37,41
2022-12-10,6,14,22,24,35,44
2022-12-03,4,8,10,12,15,39
2022-11-26,12,14,22,29,31,45
2022-11-19,9,12,14,23,31,43
2022-11-12,3,6,12,18,31,35
2022-11-05,12,19,26,29,39,45
2022-10-29,3,6,7,9,22,42
2022-10-22,7,17,21,24,35,41
2022-10-15,5,7,11,12,24,40
2022-10-08,17,20,23,33,37,45
2022-10-01,9,20,25,30,32,40
2022-09-24,5,7,10,14,34,41
2022-09-17,4,7,9,21,23,25
2022-09-10,2,8,11,31,32,45
2022-09-03,3,6,10,18,21,39
2022-08-27,2,3,6,23,41,42
2022-08-20,6,16,34,35,37,42
2022-08-13,1,15,20,29,35,38
2022-08-06,14,15,24,31,33,39
2022-07-30,8,12,17,21,26,42
2022-07-23,3,20,24,32,38,40
2022-07-16,8,11,19,23,35,37
2022-07-09,6,23,30,37,43,44
2022-07-02,10,15,17,31,37,42
2022-06-25,6,16,18,20,25,36
2022-06-18,1,11,22,27,34,37
2022-06-11,10,11,19,21,39,45
2022-06-04,7,8,13,17,23,25
2022-05-28,15,17,19,28,32,33
2022-05-21,5,9,13,23,38,41
2022-05-14,15,20,25,27,35,39
2022-05-07,6,7,11,13,17,45
2022-04-30,3,8,10,20,36,42
2022-04-23,3,23,31,33,39,45
2022-04-16,11,12,14,15,23,37
2022-04-09,1,8,19,31,35,40
2022-04-02,1,4,6,15,21,27
2022-03-26,2,8,13,21,22,33
2022-03-19,10,24,32,34,38,43
2022-03-12,4,29,35,37,40,41
2022-03-05,2,16,18,19,30,40
2022-02-26,3,7,16,23,26,34
2022-02-19,1,5,18,20,23,34
2022-02-12,13,35,36,37,42,43
2022-02-05,2,9,10,11,22,37
2022-01-29,8,9,22,23,34,40
2022-01-22,1,12,14,21,39,43
2022-01-15,3,11,19,33,38,42
2022-01-08,3,17,20,24,27,29
2021-12-31,8,14,15,20,32,43
2021-12-25,6,19,21,30,31,42
2021-12-18,1,19,25,29,36,44
2021-12-11,6,12,27,35,37,39
2021-12-04,8,24,31,39,44,45
2021-11-27,3,5,27,34,41,45
2021-11-20,9,17,20,21,25,33
2021-11-13,17,22,26,29,32,40
2021-11-06,11,15,28,30,33,39
2021-10-30,4,16,26,29,30,32
2021-10-23,9,10,16,22,26,32
2021-10-16,2,7,17,26,27,38
2021-10-09,18,22,24,34,40,42
2021-10-02,13,17,26,28,33,44
2021-09-25,6,28,29,33,36,40
2021-09-18,5,6,15,18,36,43
2021-09-11,8,10,17,23,26,34
2021-09-04,14,29,31,33,44,45
2021-08-28,17,19,21,22,23,30
2021-08-21,6,19,34,35,40,43
2021-08-14,3,9,13,19,24,28
2021-08-07,5,11,12,22,28,36
2021-07-31,13,16,18,32,33,41
2021-07-24,12,16,26,27,30,40
2021-07-17,2,14,30,32,35,38
2021-07-10,22,23,28,30,34,38
2021-07-03,2,7,27,33,37,42
2021-06-26,1,24,26,32,34,36
2021-06-19,12,14,30,34,40,41
2021-06-12,5,13,15,28,37,45
2021-06-05,1,11,24,32,33,44
2021-05-29,2,7,16,28,30,42
2021-05-22,6,7,9,13,23,27
2021-05-15,5,15,16,19,20,41
2021-05-08,2,4,9,26,31,41
2021-05-01,5,14,18,22,31,42
2021-04-24,2,4,8,31,32,44
2021-04-17,5,13,17,33,38,44
2021-04-10,7,8,20,22,26,42
2021-04-03,1,21,31,38,39,41
2021-03-27,2,4,12,23,24,35
2021-03-20,8,9,13,19,22,32
2021-03-13,15,17,22,27,37,40
2021-03-06,11,16,26,32,39,42
2021-02-27,4,6,24,35,42,45
2021-02-20,3,5,9,26,35,41
2021-02-13,1,3,4,22,42,43
2021-02-06,3,6,8,10,12,24
2021-01-30,3,6,15,20,30,31
2021-01-23,1,6,8,10,29,40
2021-01-16,4,12,14,17,22,33
2021-01-09,7,9,20,22,34,45
2021-01-02,5,7,14,16,17,44
2020-12-26,2,5,11,21,30,32
2020-12-19,9,16,26,35,39,41
2020-12-12,14,16,35,38,40,43
2020-12-05,1,9,11,24,32,41
2020-11-28,10,18,20,34,35,37
2020-11-21,2,21,27,37,39,42
2020-11-14,6,15,23,26,27,45
2020-11-07,1,3,7,8,15,35
2020-10-31,4,13,19,26,27,34
2020-10-24,3,23,30,31,38,45
2020-10-17,5,8,12,14,16,38
2020-10-10,5,12,24,26,34,37
2020-10-03,3,11,21,24,29,38
2020-09-26,1,7,22,28,36,42
2020-09-19,1,8,14,23,26,41
2020-09-12,12,27,28,31,36,39
2020-09-05,2,3,13,32,37,38
2020-08-29,13,16,20,25,40,44
2020-08-22,2,7,9,16,33,43
2020-08-15,13,16,29,34,35,41
2020-08-08,1,11,17,18,34,42
2020-08-01,8,9,23,29,38,42
2020-07-25,6,9,16,32,37,44
2020-07-18,2,18,21,22,35,43
2020-07-11,22,26,27,29,32,38
2020-07-04,17,31,33,35,39,42
2020-06-27,15,19,24,28,35,41
2020-06-20,9,11,17,19,22,29
2020-06-13,3,17,29,32,34,38
2020-06-06,3,10,18,19,22,27
2020-05-30,3,15,19,22,25,44
2020-05-23,1,21,25,30,32,45
2020-05-16,4,11,16,17,19,26
2020-05-09,7,21,22,35,38,39
2020-05-02,10,14,16,18,31,43
2020-04-25,3,15,17,23,34,38
2020-04-18,23,24,29,39,40,41
2020-04-11,5,10,11,14,26,27
2020-04-04,11,19,22,33,36,39
2020-03-28,3,7,10,16,37,43
2020-03-21,10,19,26,27,31,33
2020-03-14,8,13,27,40,41,42
2020-03-07,3,7,28,33,34,40
2020-02-29,3,12,29,30,31,38
2020-02-22,8,11,15,16,23,29
2020-02-15,3,4,11,21,24,39
2020-02-08,17,19,24,36,38,44
2020-02-01,1,10,17,24,29,33
2020-01-25,10,17,19,24,36,38
2020-01-18,3,10,12,24,34,35
2020-01-11,11,17,18,20,37,41
2020-01-04,11,16,33,38,40,42
2019-12-28,1,13,19,31,37,39
2019-12-21,18,23,28,30,35,37
2019-12-14,1,9,31,34,39,40
2019-12-07,1,13,16,25,30,32
2019-11-30,10,16,20,22,30,38
2019-11-23,7,14,25,30,37,45
2019-11-16,11,22,28,31,32,34
2019-11-09,1,10,25,27,28,36
2019-11-02,1,2,10,12,21,42
2019-10-26,2,7,28,29,31,45
2019-10-19,18,21,26,39,41,43
2019-10-12,6,8,16,17,27,33
2019-10-05,4,12,20,33,34,36
2019-09-28,4,11,18,20,22,41
2019-09-21,14,29,32,33,40,43
2019-09-14,7,20,27,38,39,41
2019-09-07,1,8,10,14,23,36
2019-08-31,7,14,15,17,36,41
2019-08-24,4,9,10,11,32,33
2019-08-17,6,19,23,24,28,35
2019-08-10,1,6,9,37,38,39
2019-08-03,3,5,28,32,38,44
2019-07-27,11,13,23,27,35,38
2019-07-20,2,8,12,18,30,42
2019-07-13,5,16,18,22,36,41
2019-07-06,15,18,23,30,41,44
2019-06-29,5,14,21,33,35,42
2019-06-22,5,10,11,12,29,41
2019-06-15,8,18,24,39,41,42
2019-06-08,1,22,24,36,39,42
2019-06-01,6,9,20,25,27,31
2019-05-25,1,11,18,29,35,44
2019-05-18,2,6,8,36,39,45
2019-05-11,17,27,28,32,34,44
2019-05-04,7,8,23,24,27,33
2019-04-27,1,16,21,26,39,41
2019-04-20,9,14,16,18,20,36
2019-04-13,16,18,19,21,22,25
2019-04-06,4,8,10,12,38,39
2019-03-30,5,8,26,27,31,33
2019-03-23,9,29,32,33,37,39
2019-03-16,1,8,12,15,31,42
2019-03-09,16,17,21,27,29,43
2019-03-02,5,10,38,39,40,43
2019-02-23,13,19,20,21,25,37
2019-02-16,18,19,26,27,38,43
2019-02-09,9,11,13,16,17,21
2019-02-02,1,5,12,21,24,45
2019-01-26,8,18,19,36,38,42
2019-01-19,8,10,11,15,26,45
2019-01-12,5,11,15,23,35,45
2019-01-05,3,18,20,24,26,34
2018-12-29,2,9,17,30,33,39
2018-12-22,5,9,14,29,41,43
2018-12-15,23,28,32,33,35,39
2018-12-08,2,6,23,25,26,43
2018-12-01,5,24,25,27,31,38
2018-11-24,7,10,20,24,29,37
2018-11-17,6,18,19,26,30,31
2018-11-10,1,21,22,23,38,44
2018-11-03,3,5,12,14,35,36
2018-10-27,9,13,16,17,32,37
2018-10-20,5,14,15,38,42,45
2018-10-13,3,6,10,34,37,40
2018-10-06,1,2,7,22,34,40
2018-09-29,2,9,10,13,16,25
2018-09-22,9,21,26,29,32,44
2018-09-15,1,3,7,15,44,45
2018-09-08,19,22,24,25,42,43
2018-09-01,5,10,14,16,36,43
2018-08-25,5,15,18,29,31,35
2018-08-18,6,17,19,26,37,38
2018-08-11,1,8,15,20,23,44
2018-08-04,12,14,24,25,35,38
2018-07-28,21,27,29,31,37,40
2018-07-21,2,4,14,15,16,24
2018-07-14,6,11,12,32,40,45
2018-07-07,1,6,18,23,29,43
2018-06-30,1,14,20,25,26,40
2018-06-23,9,10,18,31,35,41
2018-06-16,2,8,12,22,26,45
2018-06-09,7,10,22,25,26,36
2018-06-02,7,14,17,19,24,37
2018-05-26,10,21,25,29,38,40
2018-05-19,6,9,21,33,39,42
2018-05-12,6,12,14,17,31,38
2018-05-05,10,22,28,34,42,45
2018-04-28,13,29,33,35,38,43
2018-04-21,11,12,17,31,42,44
2018-04-14,7,9,10,17,18,38
2018-04-07,6,7,8,17,23,35
2018-03-31,8,15,23,27,43,44
2018-03-24,10,19,23,30,33,39
2018-03-17,26,32,33,35,38,41
2018-03-10,2,4,22,31,34,44
2018-03-03,2,21,29,35,36,45
2018-02-24,1,5,14,15,19,30
2018-02-17,3,8,13,30,31,35
2018-02-10,2,7,16,23,27,44
2018-02-03,11,12,13,23,24,27
2018-01-27,1,4,7,11,32,40
2018-01-20,2,5,9,14,31,34
2018-01-13,1,6,16,19,36,45
2018-01-06,3,12,31,32,35,44
2017-12-30,6,9,27,30,35,37
2017-12-23,8,11,13,21,23,34
2017-12-16,1,5,26,28,39,45
2017-12-09,14,17,28,30,34,36
2017-12-02,8,14,16,23,25,44
2017-11-25,4,6,18,31,36,44
2017-11-18,6,19,26,28,40,42
2017-11-11,18,19,27,30,38,43
2017-11-04,4,7,17,22,26,30
2017-10-28,1,13,17,38,40,44
2017-10-21,13,22,30,34,42,45
2017-10-14,6,13,18,25,34,39
2017-10-07,7,13,15,18,31,34
2017-09-30,1,19,20,22,32,34
2017-09-23,6,8,13,40,44,45
2017-09-16,5,10,20,29,41,45
2017-09-09,12,21,28,35,40,42
2017-09-02,16,17,21,22,23,44
2017-08-26,11,15,20,27,38,45
2017-08-19,3,9,23,30,39,45
2017-08-12,7,11,14,16,26,45
2017-08-05,1,7,11,20,21,32
2017-07-29,28,30,31,34,42,43
2017-07-22,11,22,27,32,42,44
2017-07-15,1,11,22,25,41,44
2017-07-08,11,18,22,24,26,33
2017-07-01,6,10,18,19,32,36
2017-06-24,1,5,13,29,32,43
2017-06-17,5,19,25,30,33,34
2017-06-10,12,14,20,22,24,44
2017-06-03,9,21,27,30,32,35
2017-05-27,15,17,18,24,42,45
2017-05-20,6,10,11,15,29,33
2017-05-13,1,16,21,30,35,40
2017-05-06,8,9,16,26,39,41
2017-04-29,3,10,23,29,34,37
2017-04-22,11,13,18,21,24,30
2017-04-15,3,15,26,32,40,44
2017-04-08,3,7,25,27,32,38
2017-04-01,16,20,24,32,34,37
2017-03-25,16,20,23,28,35,39
2017-03-18,1,10,15,23,36,43
2017-03-11,1,10,15,31,36,39
2017-03-04,9,12,15,18,28,34
2017-02-25,7,22,29,33,36,44
2017-02-18,21,25,28,30,33,37
2017-02-11,3,18,41,42,43,45
2017-02-04,4,16,22,34,36,38
2017-01-28,6,10,19,28,37,40
2017-01-21,14,17,30,37,41,43
2017-01-14,9,12,21,22,30,41
2017-01-07,7,19,20,22,40,41
2016-12-31,4,11,16,18,31,40
2016-12-24,4,5,9,24,34,39
2016-12-17,8,17,18,29,36,42
2016-12-10,5,20,25,33,34,36
2016-12-03,10,11,18,26,39,44
2016-11-26,18,19,27,29,38,45
2016-11-19,1,12,14,16,24,40
2016-11-12,1,3,12,18,22,38
2016-11-05,9,23,24,34,38,43
2016-10-29,15,20,23,33,39,42
2016-10-22,16,22,35,37,39,42
2016-10-15,2,8,21,22,31,40
2016-10-08,2,3,6,21,26,38
2016-10-01,6,14,22,26,35,37
2016-09-24,11,12,18,25,34,45
2016-09-17,3,8,9,12,18,27
2016-09-10,5,7,9,13,18,27
2016-09-03,7,23,28,32,36,40
2016-08-27,4,5,13,18,25,34
2016-08-20,8,16,23,34,42,45
2016-08-13,11,14,16,37,41,45
2016-08-06,6,12,15,19,23,31
2016-07-30,27,32,33,37,40,45
2016-07-23,4,7,10,15,22,32
2016-07-16,1,3,7,12,24,32
2016-07-09,13,17,21,25,33,38
2016-07-02,5,12,16,20,31,41
2016-06-25,4,7,10,17,28,31
2016-06-18,1,2,13,20,39,44
2016-06-11,4,10,25,32,39,45
2016-06-04,3,12,26,27,38,43
2016-05-28,1,21,34,35,37,42
2016-05-21,5,11,13,14,37,39
2016-05-14,4,10,13,21,33,34
2016-05-07,1,3,14,24,31,35
2016-04-30,2,20,22,24,27,30
2016-04-23,3,10,27,32,34,36
2016-04-16,1,3,11,29,36,42
2016-04-09,3,6,18,21,23,41
2016-04-02,7,11,12,23,29,36
2016-03-26,5,9,17,24,32,43
2016-03-19,8,10,16,24,28,31
2016-03-12,1,3,8,16,28,37
2016-03-05,2,11,20,26,39,45
2016-02-27,3,5,18,21,22,38
2016-02-20,5,17,22,26,30,42
2016-02-13,2,8,25,27,28,43
2016-02-06,4,26,33,39,40,43
2016-01-30,5,20,25,28,29,45
2016-01-23,20,24,33,41,44,45
2016-01-16,1,3,11,13,22,24
2016-01-09,2,18,20,25,30,36
2016-01-02,3,10,31,40,44,45
2015-12-26,5,9,25,34,35,36
2015-12-19,3,6,11,24,33,34
2015-12-12,6,7,8,11,31,40
2015-12-05,15,18,28,32,40,42
2015-11-28,1,9,17,18,24,34
2015-11-21,6,9,10,11,35,37
2015-11-14,6,10,21,28,37,42
2015-11-07,4,6,17,31,38,39
2015-10-31,10,14,19,20,27,37
2015-10-24,1,15,18,29,37,40
2015-10-17,2,7,10,13,23,24
2015-10-10,1,5,7,8,15,39
2015-10-03,3,6,7,21,22,43
2015-09-26,5,12,13,17,22,26
2015-09-19,4,5,16,29,32,44
2015-09-12,16,17,21,29,38,42
2015-09-05,5,13,27,31,37,42
2015-08-29,11,18,26,27,37,39
2015-08-22,4,13,18,27,30,36
2015-08-15,6,12,23,26,28,36
2015-08-08,1,13,24,28,29,33
2015-08-01,6,10,15,16,17,29
2015-07-25,7,8,13,20,23,32
2015-07-18,3,11,13,29,38,42
2015-07-11,14,23,24,28,41,45
2015-07-04,8,15,25,30,31,44
2015-06-27,15,17,29,30,32,39
2015-06-20,8,10,22,27,39,44
2015-06-13,8,20,36,38,43,45
2015-06-06,15,29,31,32,33,39
2015-05-30,16,20,23,36,38,43
2015-05-23,1,2,31,38,39,45
2015-05-16,10,15,16,26,30,45
2015-05-09,4,13,27,29,31,32
2015-05-02,6,15,18,23,35,43
2015-04-25,5,7,12,20,29,42
2015-04-18,4,14,16,18,26,27
2015-04-11,3,7,13,21,24,30
2015-04-04,1,24,34,40,44,45
2015-03-28,13,16,17,18,25,29
2015-03-21,2,11,12,16,24,39
2015-03-14,7,9,17,26,42,43
2015-03-07,3,6,24,40,41,44
2015-02-28,1,11,14,33,37,45
2015-02-21,5,10,11,24,39,41
2015-02-14,16,22,24,35,37,42
2015-02-07,9,19,30,33,41,44
2015-01-31,9,15,19,26,33,36
2015-01-24,10,12,30,34,42,44
2015-01-17,1,10,16,30,33,41
2015-01-10,4,19,24,25,27,34
2015-01-03,18,21,35,38,39,43
2014-12-27,7,16,20,33,39,43
2014-12-20,6,8,9,19,21,41
2014-12-13,6,11,16,17,21,44
2014-12-06,1,5,13,36,38,39
2014-11-29,18,28,31,36,41,42
2014-11-22,1,5,14,23,31,42
2014-11-15,4,9,13,37,42,43
2014-11-08,16,19,20,22,27,35
2014-11-01,9,15,21,24,30,42
2014-10-25,11,12,17,36,38,44
2014-10-18,5,7,8,9,27,34
2014-10-11,3,11,13,21,42,44
2014-10-04,6,20,22,29,32,44
2014-09-27,1,6,16,20,25,36
2014-09-20,1,12,22,27,38,40
2014-09-13,1,5,10,14,29,33
2014-09-06,4,10,17,27,34,43
2014-08-30,2,14,24,37,40,44
2014-08-23,11,29,30,40,41,43
2014-08-16,2,3,15,16,18,24
2014-08-09,23,26,27,30,31,41
2014-08-02,7,10,12,26,30,36
2014-07-26,5,7,12,28,40,45
2014-07-19,4,8,13,27,28,42
2014-07-12,1,3,15,19,42,44
2014-07-05,5,7,14,20,31,39
2014-06-28,1,17,20,40,42,44
2014-06-21,1,12,28,31,32,34
2014-06-14,11,13,16,19,27,35
2014-06-07,1,19,20,36,38,41
2014-05-31,1,13,20,26,37,45
2014-05-24,11,13,28,37,43,45
2014-05-17,8,9,22,25,36,42
2014-05-10,10,13,16,22,39,45
2014-05-03,1,12,14,19,37,41
2014-04-26,12,20,24,32,39,45
2014-04-19,3,7,17,23,25,26
2014-04-12,13,18,20,21,28,45
2014-04-05,1,22,24,29,36,39
2014-03-29,10,21,22,26,29,41
2014-03-22,4,12,18,19,29,33
2014-03-15,13,33,36,38,39,43
2014-03-08,3,19,27,38,40,42
2014-03-01,4,13,33,35,39,45
2014-02-22,8,12,15,25,26,45
2014-02-15,6,27,28,32,39,40
2014-02-08,6,15,17,21,22,42
2014-02-01,11,16,32,40,41,45
2014-01-25,30,35,36,37,42,43
2014-01-18,1,9,10,13,27,39
2014-01-11,7,14,23,27,38,40
2014-01-04,5,6,10,28,32,40
2013-12-28,17,22,24,25,26,40
2013-12-21,1,3,10,17,20,35
2013-12-14,4,9,14,22,42,45
2013-12-07,3,7,28,31,38,41
2013-11-30,24,27,30,37,43,45
2013-11-23,5,7,20,30,31,39
2013-11-16,5,8,15,32,36,39
2013-11-09,2,16,20,27,28,32
2013-11-02,2,5,23,32,40,43
2013-10-26,9,13,16,21,33,44
2013-10-19,5,20,27,31,37,42
2013-10-12,3,9,33,34,39,41
2013-10-05,6,8,11,21,27,31
2013-09-28,1,13,21,27,34,37
2013-09-21,1,2,5,16,19,42
2013-09-14,3,11,20,28,34,40
2013-09-07,1,11,12,15,25,36
2013-08-31,15,18,26,28,39,41
2013-08-24,12,15,16,37,42,45
2013-08-17,5,27,33,35,42,45
2013-08-10,8,18,21,23,27,37
2013-08-03,1,14,24,26,30,37
2013-07-27,6,25,27,29,38,41
2013-07-20,1,3,9,12,22,29
2013-07-13,5,9,14,27,37,40
2013-07-06,3,8,19,26,29,43
2013-06-29,11,22,25,26,31,42
2013-06-22,13,17,18,20,21,43
2013-06-15,1,4,15,16,17,21
2013-06-08,7,8,10,25,28,42
2013-06-01,12,15,30,37,40,44
2013-05-25,1,15,16,20,31,36
2013-05-18,3,6,14,16,25,31
2013-05-11,16,30,32,35,38,41
2013-05-04,2,12,13,20,30,35
2013-04-27,8,15,18,33,40,43
2013-04-20,7,10,28,34,41,44
2013-04-13,2,4,6,9,37,44
2013-04-06,19,20,21,23,25,43
2013-03-30,4,29,33,40,41,43
2013-03-23,2,3,12,13,16,30
2013-03-16,4,24,25,29,32,43
2013-03-09,7,10,12,28,44,45
2013-03-02,11,13,18,20,42,43
2013-02-23,6,8,13,29,34,39
2013-02-16,1,6,16,17,18,34
2013-02-09,8,29,30,33,36,41
2013-02-02,5,18,29,31,44,45
2013-01-26,6,12,25,36,39,43
2013-01-19,4,11,14,16,19,25
2013-01-12,2,6,11,15,31,34
2013-01-05,20,28,30,31,32,37
2012-12-29,7,14,15,25,35,37
2012-12-22,1,4,10,17,29,45
2012-12-15,5,7,9,16,20,41
2012-12-08,6,13,16,33,36,41
2012-12-01,11,17,25,30,40,41
2012-11-24,17,26,30,32,42,43
2012-11-17,5,8,11,20,29,33
2012-11-10,1,4,25,27,40,41
2012-11-03,7,12,20,31,38,43
2012-10-27,5,6,25,33,34,44
2012-10-20,10,25,26,27,32,35
2012-10-13,2,11,13,15,26,40
2012-10-06,18,20,23,32,40,42
2012-09-29,9,10,16,25,32,34
2012-09-22,1,17,19,32,34,45
2012-09-15,2,11,19,23,32,34
2012-09-08,4,5,7,15,35,38
2012-09-01,9,19,24,28,29,31
2012-08-25,4,17,21,27,28,30
2012-08-18,10,11,15,30,34,36
2012-08-11,21,22,27,31,32,38
2012-08-04,16,19,20,37,39,43
2012-07-28,1,27,28,33,37,42
2012-07-21,3,6,7,9,23,43
2012-07-14,17,30,36,41,42,45
2012-07-07,2,15,21,31,37,38
2012-06-30,8,30,32,33,37,40
2012-06-23,2,16,19,29,30,31
2012-06-16,16,18,25,35,36,40
2012-06-09,1,4,16,26,27,32
2012-06-02,6,17,18,31,36,43
2012-05-26,10,13,22,36,37,38
2012-05-19,9,12,28,29,32,41
2012-05-12,1,2,14,16,19,45
2012-05-05,7,9,12,15,27,40
2012-04-28,4,5,12,23,31,33
2012-04-21,1,2,15,16,21,28
2012-04-14,7,8,13,18,25,43
2012-04-07,17,26,27,28,30,38
2012-03-31,2,6,26,29,41,43
2012-03-24,17,27,29,39,42,45
2012-03-17,4,10,21,30,41,42
2012-03-10,20,21,26,32,41,43
2012-03-03,4,5,11,12,14,31
2012-02-25,12,14,18,19,30,38
2012-02-18,3,13,14,32,37,38
2012-02-11,3,13,17,21,25,35
2012-02-04,3,10,20,28,40,41
2012-01-28,22,28,31,32,40,43
2012-01-21,2,9,14,22,31,33
2012-01-14,13,16,18,19,23,28
2012-01-07,19,29,30,33,44,45
2011-12-31,7,8,28,33,38,41
2011-12-24,1,4,7,9,12,30
2011-12-17,6,11,12,24,26,36
2011-12-10,9,18,29,32,33,41
2011-12-03,2,9,13,18,26,44
2011-11-26,9,12,22,28,41,42
2011-11-19,9,18,23,24,33,36
2011-11-12,4,5,10,17,22,40
2011-11-05,2,6,12,18,44,45
2011-10-29,11,12,15,20,32,33
2011-10-22,7,19,28,29,43,45
2011-10-15,8,12,18,21,24,30
2011-10-08,7,18,22,37,38,39
2011-10-01,19,25,30,38,42,44
2011-09-24,7,10,11,14,37,39
2011-09-17,8,10,12,21,37,42
2011-09-10,10,20,21,25,38,39
2011-09-03,1,7,21,22,23,27
2011-08-27,4,8,16,32,33,34
2011-08-20,3,24,26,30,32,39
2011-08-13,8,13,15,22,33,34
2011-08-06,4,6,9,27,39,43
2011-07-30,2,5,9,16,23,31
2011-07-23,1,4,22,24,31,33
2011-07-16,11,16,17,29,35,38
2011-07-09,15,32,34,36,41,45
2011-07-02,6,10,14,17,39,40
2011-06-25,10,11,12,15,22,28
2011-06-18,1,6,14,19,32,42
2011-06-11,3,11,17,30,36,38
2011-06-04,1,19,22,23,27,45
2011-05-28,1,9,11,13,33,35
2011-05-21,8,13,15,19,27,43
2011-05-14,4,10,18,22,31,45
2011-05-07,12,24,26,28,39,44
2011-04-30,1,7,15,33,35,40
2011-04-23,5,10,13,25,32,37
2011-04-16,1,14,18,22,23,29
2011-04-09,3,4,11,13,41,45
2011-04-02,10,14,24,30,40,41
2011-03-26,1,14,23,34,41,42
2011-03-19,2,6,7,8,18,21
2011-03-12,4,13,17,21,38,40
2011-03-05,12,19,22,26,32,33
2011-02-26,1,4,21,23,24,43
2011-02-19,1,5,14,23,41,45
2011-02-12,4,9,10,26,38,44
2011-02-05,5,11,19,30,42,45
2011-01-29,2,11,15,19,20,25
2011-01-22,3,15,17,21,34,43
2011-01-15,10,12,23,26,27,31
2011-01-08,5,6,19,23,35,38
2010-12-31,10,11,13,19,24,41
2010-12-25,4,11,12,22,29,38
2010-12-18,4,13,25,26,42,44
2010-12-11,10,16,18,26,32,33
2010-12-04,9,10,12,13,39,43
2010-11-27,2,12,15,24,35,37
2010-11-20,7,19,21,25,38,42
2010-11-13,14,15,26,27,35,41
2010-11-06,15,24,25,28,30,39
2010-10-30,4,6,7,27,31,45
2010-10-23,12,23,31,34,39,43
2010-10-16,15,19,28,36,39,41
2010-10-09,1,11,24,26,32,36
2010-10-02,8,9,29,33,37,42
2010-09-25,12,22,24,26,31,38
2010-09-18,7,18,31,35,40,44
2010-09-11,5,11,15,36,42,44
2010-09-04,1,20,28,35,36,44
2010-08-28,3,9,11,29,30,34
2010-08-21,1,8,11,16,31,38
2010-08-14,2,12,13,29,31,40
2010-08-07,5,28,35,39,40,41
2010-07-31,4,14,25,35,41,43
2010-07-24,6,13,16,24,30,33
2010-07-17,2,11,17,19,39,40
2010-07-10,17,23,30,38,40,42
2010-07-03,1,6,10,15,26,40
2010-06-26,2,5,10,22,37,38
2010-06-19,5,11,13,16,25,29
2010-06-12,1,7,11,21,23,43
2010-06-05,5,13,24,26,28,41
2010-05-29,2,12,19,22,30,40
2010-05-22,7,8,16,17,27,40
2010-05-15,4,6,13,15,18,35
2010-05-08,7,21,34,39,42,43
2010-05-01,20,24,25,29,31,34
2010-04-24,4,5,12,18,20,25
2010-04-17,5,6,22,32,36,43
2010-04-10,15,17,27,33,40,43
2010-04-03,12,18,21,22,33,38
2010-03-27,9,13,16,23,27,33
2010-03-20,10,12,15,26,29,40
2010-03-13,7,17,24,31,42,43
2010-03-06,4,18,21,24,28,41
2010-02-27,20,26,29,31,33,40
2010-02-20,1,13,18,33,36,37
2010-02-13,1,7,14,34,41,45
2010-02-06,8,11,23,25,27,42
2010-01-30,12,13,15,21,22,43
2010-01-23,8,13,15,18,29,38
2010-01-16,14,27,32,33,36,41
2010-01-09,6,8,18,20,36,45
2010-01-02,5,12,16,33,34,42
2009-12-26,6,9,11,24,28,42
2009-12-19,2,3,5,7,9,23
2009-12-12,1,2,24,25,31,34
2009-12-05,1,10,26,31,32,44
2009-11-28,11,19,28,36,37,40
2009-11-21,4,16,19,23,28,44
2009-11-14,2,9,13,23,26,36
2009-11-07,1,14,21,29,33,36
2009-10-31,6,24,29,30,37,44
2009-10-24,2,14,16,23,34,39
2009-10-17,2,10,22,24,26,44
2009-10-10,2,6,13,14,25,32
2009-10-03,3,16,18,32,39,42
2009-09-26,1,7,13,16,30,40
2009-09-19,2,20,24,29,33,41
2009-09-12,4,21,30,35,42,43
2009-09-05,9,11,20,29,34,39
2009-08-29,4,23,30,35,36,43
2009-08-22,7,11,32,37,38,40
2009-08-15,1,18,28,30,37,43
2009-08-08,14,19,29,33,39,40
2009-08-01,5,16,24,27,28,40
2009-07-25,5,14,16,25,35,38
2009-07-18,2,5,6,8,12,13
2009-07-11,5,9,20,29,33,37
2009-07-04,1,13,25,38,43,45
2009-06-27,9,14,20,24,25,38
2009-06-20,1,15,17,33,34,37
2009-06-13,13,19,22,29,36,42
2009-06-06,19,20,31,36,43,45
2009-05-30,6,26,33,34,40,45
2009-05-23,6,8,18,25,27,37
2009-05-16,3,14,15,19,25,44
2009-05-09,8,13,14,22,24,31
2009-05-02,1,5,38,41,42,45
2009-04-25,3,13,17,32,38,44
2009-04-18,3,5,8,14,30,34
2009-04-11,1,2,10,27,41,43
2009-04-04,1,8,34,37,38,42
2009-03-28,5,21,22,25,27,38
2009-03-21,3,13,18,19,29,38
2009-03-14,6,17,20,26,38,41
2009-03-07,2,6,12,34,39,41
2009-02-28,17,21,22,24,28,34
2009-02-21,8,10,13,17,26,33
2009-02-14,5,6,20,23,24,26
2009-02-07,2,5,18,20,27,37
2009-01-31,4,5,15,18,30,34
2009-01-24,18,24,31,32,41,44
2009-01-17,4,9,27,37,42,45
2009-01-10,8,12,16,19,22,42
2009-01-03,17,25,28,34,37,45
2008-12-27,6,16,24,26,36,41
2008-12-20,18,20,22,27,28,40
2008-12-13,7,10,11,21,34,40
2008-12-06,1,2,10,15,17,21
2008-11-29,6,18,30,37,43,44
2008-11-22,1,11,15,28,35,39
2008-11-15,14,22,28,34,39,40
2008-11-08,7,11,14,25,31,32
2008-11-01,5,11,21,23,30,35
2008-10-25,21,22,24,30,32,45
2008-10-18,1,9,12,30,38,42
2008-10-11,10,15,17,18,20,31
2008-10-04,19,24,27,36,40,43
2008-09-27,4,9,10,11,21,28
2008-09-20,4,7,19,22,25,28
2008-09-13,9,11,20,30,41,45
2008-09-06,5,11,29,31,32,42
2008-08-30,1,4,10,27,33,44
2008-08-23,7,8,13,23,28,40
2008-08-16,2,5,18,24,36,42
2008-08-09,12,26,34,40,43,45
2008-08-02,3,9,14,24,40,42
2008-07-26,8,14,22,24,25,30
2008-07-19,8,9,33,34,40,43
2008-07-12,27,29,37,38,39,45
2008-07-05,3,9,20,31,40,45
2008-06-28,3,10,11,37,40,44
2008-06-21,3,12,17,24,37,44
2008-06-14,3,4,8,34,35,44
2008-06-07,2,12,20,27,30,31
2008-05-31,6,7,9,12,32,45
2008-05-24,15,30,32,33,34,45
2008-05-17,6,10,11,15,28,39
2008-05-10,1,3,6,21,22,40
2008-05-03,7,18,22,24,41,43
2008-04-26,4,30,34,35,38,41
2008-04-19,18,23,25,33,37,43
2008-04-12,20,21,31,32,38,39
2008-04-05,3,5,13,26,29,32
2008-03-29,5,8,17,29,32,40
2008-03-22,3,10,21,27,29,36
2008-03-15,6,10,26,35,39,43
2008-03-08,3,11,31,35,41,44
2008-03-01,5,15,18,19,21,30
2008-02-23,21,24,34,39,42,43
2008-02-16,1,9,13,19,24,41
2008-02-09,9,10,21,26,28,31
2008-02-02,12,26,30,31,40,42
2008-01-26,4,12,19,24,35,40
2008-01-19,3,19,22,29,37,43
2008-01-12,3,15,24,35,41,42
2008-01-05,4,7,13,21,29,38
2007-12-29,2,21,22,26,39,45
2007-12-22,3,22,26,27,29,30
2007-12-15,1,7,8,35,37,41
2007-12-08,16,17,28,37,42,43
2007-12-01,1,6,16,19,38,44
2007-11-24,2,6,10,20,31,41
2007-11-17,5,6,20,23,25,35
2007-11-10,5,6,16,22,24,36
2007-11-03,14,16,32,34,40,43
2007-10-27,9,23,26,34,40,44
2007-10-20,5,17,19,20,38,40
2007-10-13,6,10,14,23,34,36
2007-10-06,6,18,22,33,38,45
2007-09-29,7,15,18,25,34,42
2007-09-22,7,16,19,22,23,34
2007-09-15,1,17,29,30,39,44
2007-09-08,18,27,33,34,38,41
2007-09-01,1,11,15,25,43,45
2007-08-25,3,4,5,12,28,31
2007-08-18,2,6,9,17,32,40
2007-08-11,9,17,18,20,27,41
2007-08-04,8,12,21,25,27,33
2007-07-28,2,6,16,21,38,42
2007-07-21,1,3,5,10,22,43
2007-07-14,11,18,21,30,32,36
2007-07-07,12,20,23,30,32,39
2007-06-30,6,10,11,16,26,33
2007-06-23,1,18,23,36,37,38
2007-06-16,7,8,9,21,31,41
2007-06-09,8,11,14,17,18,44
2007-06-02,19,21,23,25,40,42
2007-05-26,2,9,25,29,42,44
2007-05-19,15,17,18,27,28,29
2007-05-12,11,12,26,32,38,39
2007-05-05,3,17,29,31,32,35
2007-04-28,2,10,19,20,25,27
2007-04-21,3,4,6,18,24,38
2007-04-14,19,23,33,38,42,45
2007-04-07,4,11,17,41,43,45
2007-03-31,2,5,7,8,23,36
2007-03-24,8,11,15,23,38,41
2007-03-17,1,2,23,27,34,42
2007-03-10,7,10,12,18,31,39
2007-03-03,3,10,11,17,32,44
2007-02-24,9,17,20,38,44,45
2007-02-17,3,5,12,16,27,30
2007-02-10,5,11,16,22,25,27
2007-02-03,5,6,7,18,21,25
2007-01-27,1,10,14,16,32,34
2007-01-20,4,5,20,24,25,33
2007-01-13,4,12,13,16,33,42
2007-01-06,4,21,22,24,25,26
2006-12-30,2,4,9,21,28,36
2006-12-23,2,15,18,29,32,43
2006-12-16,9,11,17,26,27,37
2006-12-09,1,4,7,25,36,41
2006-12-02,11,14,16,23,33,41
2006-11-25,2,7,14,26,37,40
2006-11-18,21,22,24,37,38,43
2006-11-11,6,22,32,33,36,37
2006-11-04,1,6,7,15,19,21
2006-10-28,4,15,18,34,35,36
2006-10-21,9,19,22,24,29,31
2006-10-14,3,6,12,27,42,45
2006-10-07,1,6,8,13,18,40
2006-09-30,7,19,26,35,41,42
2006-09-23,6,12,13,34,38,41
2006-09-16,12,23,31,33,34,38
2006-09-09,3,9,17,22,23,37
2006-09-02,17,20,37,40,42,45
2006-08-26,6,7,25,33,35,45
2006-08-19,3,22,34,35,39,40
2006-08-12,2,6,14,21,24,45
2006-08-05,1,10,19,33,37,41
2006-07-29,5,7,16,26,27,37
2006-07-22,14,22,29,30,39,41
2006-07-15,11,22,23,24,38,39
2006-07-08,6,11,15,21,32,36
2006-07-01,3,14,33,42,44,45
2006-06-24,3,7,8,13,14,23
2006-06-17,3,11,15,22,27,38
2006-06-10,2,5,16,25,40,42
2006-06-03,2,21,33,40,41,42
2006-05-27,9,12,18,24,33,43
2006-05-20,8,10,37,38,39,44
2006-05-13,2,9,14,18,25,40
2006-05-06,18,23,29,32,38,42
2006-04-29,18,19,25,32,37,39
2006-04-22,10,12,13,20,37,38
2006-04-15,3,17,18,19,23,36
2006-04-08,3,7,10,11,21,32
2006-04-01,4,8,14,16,35,45
2006-03-25,8,14,17,30,31,34
2006-03-18,18,24,25,36,40,41
2006-03-11,4,6,21,23,28,43
2006-03-04,11,29,32,33,42,43
2006-02-25,5,8,21,22,32,41
2006-02-18,11,21,22,25,32,45
2006-02-11,12,16,21,24,28,42
2006-02-04,5,15,21,27,37,43
2006-01-28,2,13,24,28,31,40
2006-01-21,12,17,21,29,31,42
2006-01-14,3,11,19,26,42,44
2006-01-07,8,12,14,28,32,36
2005-12-31,9,12,15,20,39,43
2005-12-24,5,9,20,23,26,35
2005-12-17,2,4,13,19,20,41
2005-12-10,1,6,10,29,36,41
2005-12-03,4,6,17,20,21,38
2005-11-26,11,22,32,33,37,38
2005-11-19,19,20,21,26,27,40
2005-11-12,7,11,12,18,19,20
2005-11-05,8,9,25,26,30,32
2005-10-29,1,13,23,27,33,44
2005-10-22,2,14,15,37,39,44
2005-10-15,2,7,8,12,22,36
2005-10-08,1,5,11,12,17,34
2005-10-01,13,16,24,27,35,36
2005-09-24,4,5,8,13,24,35
2005-09-17,8,12,17,21,36,39
2005-09-10,3,13,24,36,39,40
2005-09-03,13,19,23,33,40,41
2005-08-27,5,13,24,25,27,39
2005-08-20,19,24,25,27,28,36
2005-08-13,5,33,38,39,40,42
2005-08-06,2,6,8,23,28,40
2005-07-30,1,7,10,22,26,40
2005-07-23,7,8,11,16,23,42
2005-07-16,3,11,12,13,32,34
2005-07-09,3,4,10,33,44,45
2005-07-02,3,19,26,37,39,45
2005-06-25,6,12,27,32,34,37
2005-06-18,8,9,13,15,31,43
2005-06-11,3,4,5,23,28,42
2005-06-04,13,15,21,33,35,37
2005-05-28,6,12,15,25,34,45
2005-05-21,6,21,22,29,40,41
2005-05-14,2,7,27,37,38,39
2005-05-07,3,7,13,33,36,45
2005-04-30,14,17,31,33,34,36
2005-04-23,18,22,26,31,34,43
2005-04-16,7,11,26,34,35,45
2005-04-09,6,7,14,15,34,43
2005-04-02,9,10,18,19,30,45
2005-03-26,13,18,19,23,28,32
2005-03-19,1,15,19,20,25,41
2005-03-12,6,7,17,24,31,38
2005-03-05,13,15,37,39,42,45
2005-02-26,1,2,6,24,26,36
2005-02-19,4,6,7,35,38,41
2005-02-12,4,10,13,19,30,40
2005-02-05,3,12,14,19,23,28
2005-01-29,13,20,21,34,42,45
2005-01-22,2,4,5,17,31,36
2005-01-15,1,18,23,28,32,33
2005-01-08,10,17,18,19,29,39
2004-12-31,4,7,8,10,21,25
2004-12-25,3,8,23,25,28,42
2004-12-18,11,16,31,34,44,45
2004-12-11,21,22,29,38,40,44
2004-12-04,14,21,28,29,36,44
2004-11-27,12,15,21,25,32,40
2004-11-20,6,9,12,17,22,32
2004-11-13,4,12,18,28,30,36
2004-11-06,3,8,9,36,38,41
2004-10-30,5,12,21,36,40,41
2004-10-23,4,14,17,20,31,38
2004-10-16,2,14,15,20,29,30
2004-10-09,7,22,32,33,40,43
2004-10-02,11,19,21,23,25,27
2004-09-25,1,2,14,35,36,39
2004-09-18,19,22,25,26,36,43
2004-09-11,2,6,28,35,36,42
2004-09-04,3,9,23,32,33,37
2004-08-28,21,22,35,40,42,45
2004-08-21,5,6,10,16,36,42
2004-08-14,23,32,36,38,41,42
2004-08-07,3,19,24,35,40,45
2004-07-31,9,13,15,20,36,41
2004-07-24,18,26,29,33,39,41
2004-07-17,4,10,26,35,36,39
2004-07-10,11,12,20,22,29,37
2004-07-03,1,3,9,14,21,27
2004-06-26,6,7,12,21,39,44
2004-06-19,3,5,7,24,33,40
2004-06-12,4,6,8,9,13,21
2004-06-05,17,18,31,35,36,44
2004-05-29,6,13,16,34,36,38
2004-05-22,4,22,24,28,29,33
2004-05-15,11,25,35,40,41,44
2004-05-08,3,14,19,26,29,31
2004-05-01,8,22,28,38,40,43
2004-04-24,1,3,11,34,37,39
2004-04-17,7,12,13,15,27,33
2004-04-10,4,7,13,22,29,42
2004-04-03,6,22,30,32,39,45
2004-03-27,1,15,17,38,40,41
2004-03-20,5,8,13,20,32,37
2004-03-13,6,13,15,18,27,45
2004-03-06,1,9,25,28,36,44
2004-02-28,1,8,20,27,28,36
2004-02-21,4,25,26,31,32,33
2004-02-14,7,8,17,27,37,45
2004-02-07,4,5,10,19,28,32
2004-01-31,3,12,16,18,34,37
2004-01-24,12,13,15,26,34,39
2004-01-17,6,9,10,11,16,42
2004-01-10,4,7,18,27,33,37
2004-01-03,5,9,18,22,26,37
2003-12-27,15,24,26,31,34,43
2003-12-20,1,5,6,11,28,36
2003-12-13,4,28,29,33,37,40
2003-12-06,1,10,18,25,35,37
2003-11-29,3,13,24,38,39,42
2003-11-22,1,3,19,33,41,45
2003-11-15,15,23,28,29,34,39
2003-11-08,6,11,24,37,40,42
2003-11-01,1,4,6,21,37,40
2003-10-25,6,8,27,31,32,38
2003-10-18,3,17,26,32,33,40
2003-10-11,3,5,16,17,40,45
2003-10-04,10,11,18,22,25,36
2003-09-27,7,9,15,18,26,31
2003-09-20,7,14,19,34,36,45
2003-09-13,8,15,29,32,35,39
2003-09-06,5,11,15,19,20,28
2003-08-30,5,20,25,33,40,43
2003-08-23,8,13,20,26,36,42
2003-08-16,4,21,27,31,40,43
2003-08-09,1,7,10,23,25,42
2003-08-02,7,18,26,33,37,43
2003-07-26,15,21,25,27,35,40
2003-07-19,2,5,7,20,25,30
2003-07-12,6,12,16,23,26,30
2003-07-05,3,16,21,28,40,42
2003-06-28,1,25,31,33,44,45
2003-06-21,3,5,8,16,26,31
2003-06-14,1,5,17,18,30,40
2003-06-07,2,8,18,24,39,41
2003-05-31,3,21,25,36,43,45
2003-05-24,1,4,5,8,28,41
2003-05-17,5,17,22,28,38,42
2003-05-10,3,4,5,7,31,38
2003-05-03,8,9,10,12,21,32
2003-04-26,15,16,21,22,29,34
2003-04-19,8,9,12,15,26,33
2003-04-12,4,7,8,31,32,36
2003-04-05,3,11,12,24,28,32
2003-03-29,6,10,14,25,28,45
2003-03-22,7,15,16,21,22,27
2003-03-15,1,8,13,24,35,42
2003-03-08,2,17,19,21,30,41
2003-03-01,12,15,23,30,36,42
2003-02-22,11,15,26,32,40,45
2003-02-15,8,22,31,35,37,43
2003-02-08,10,13,14,15,26,29
2003-02-01,15,16,20,29,33,34
2003-01-25,5,7,18,34,35,42
2003-01-18,6,7,19,20,35,42
2003-01-11,1,3,9,10,21,33
2003-01-04,8,18,24,25,27,30
2002-12-28,1,4,6,24,29,40
2002-12-21,5,6,7,29,34,43
2002-12-14,2,5,9,28,30,42
2002-12-07,22,23,32,35,39,44
2002-11-30,1,11,12,37,41,43
2002-11-23,7,21,22,34,37,38
2002-11-16,17,22,31,39,42,43
2002-11-09,15,26,31,36,37,41
2002-11-02,9,13,14,25,31,34
2002-10-26,7,31,32,39,40,44
2002-10-19,5,8,19,21,22,31
2002-10-12,1,10,17,29,38,41
2002-10-05,1,3,8,20,27,36
2002-09-28,12,21,22,25,37,39
2002-09-21,5,6,7,19,21,26
2002-09-14,10,11,23,28,38,41
2002-09-07,3,7,20,22,35,45
2002-08-31,2,10,16,31,35,40
2002-08-24,3,12,31,35,39,45
2002-08-17,9,15,19,20,23,26
2002-08-10,5,19,28,29,39,41
2002-08-03,2,8,11,21,27,41
2002-07-27,1,6,13,19,27,36
2002-07-20,6,8,11,21,39,44
2002-07-13,7,17,20,23,27,42
2002-07-06,10,14,25,33,43,45
2002-06-29,2,3,5,29,30,38
2002-06-22,5,17,31,36,43,45
2002-06-15,2,17,27,30,34,45
2002-06-08,7,8,18,30,31,33
2002-06-01,6,14,17,22,23,34
2002-05-25,5,6,8,21,22,27
2002-05-18,10,32,36,38,39,40
2002-05-11,2,8,17,23,25,33
2002-05-04,1,8,22,27,30,40
2002-04-27,8,24,28,32,34,40
2002-04-20,5,14,22,32,35,40
2002-04-13,4,17,21,26,32,40
2002-04-06,3,15,29,31,36,45
2002-03-30,26,31,32,36,40,45
2002-03-23,1,4,7,8,21,42
2002-03-16,1,7,25,27,36,43
2002-03-09,10,25,38,42,44,45
2002-03-02,9,12,14,19,22,24
2002-02-23,4,13,16,19,34,41
2002-02-16,14,17,26,28,37,41
2002-02-09,11,12,37,39,41,42
2002-02-02,1,6,7,19,23,36
2002-01-26,2,9,11,22,24,43
2002-01-19,11,18,22,32,36,37
2002-01-12,1,2,14,20,30,43
2002-01-05,7,9,23,24,35,44
2001-12-29,2,10,26,32,38,40
2001-12-22,1,6,7,23,33,38
2001-12-15,12,16,17,32,41,45
2001-12-08,12,25,26,29,35,39
2001-12-01,5,7,18,21,22,29
2001-11-24,3,11,16,17,28,38
2001-11-17,4,14,16,18,28,44
2001-11-10,3,8,9,18,35,42
2001-11-03,4,7,15,27,43,45
2001-10-27,10,14,21,22,37,45
2001-10-20,1,7,13,25,36,41
2001-10-13,5,11,15,16,20,37
2001-10-06,4,8,16,18,22,42
2001-09-29,14,17,30,32,37,40
2001-09-22,8,9,13,22,26,34
2001-09-15,15,22,25,34,35,41
2001-09-08,3,20,27,31,41,44
2001-09-01,2,12,18,23,29,40
2001-08-25,18,24,26,27,39,42
2001-08-18,2,9,12,14,35,37
2001-08-11,12,20,31,33,34,44
2001-08-04,3,4,12,14,20,29
2001-07-28,7,14,23,28,34,41
2001-07-21,6,19,31,34,36,38
2001-07-14,15,17,21,25,30,33
2001-07-07,1,2,4,18,23,41
2001-06-30,2,3,5,9,25,43
2001-06-23,1,8,14,20,22,45
2001-06-16,15,17,28,34,36,42
2001-06-09,3,5,20,22,36,38
2001-06-02,3,12,19,23,24,30
2001-05-26,5,7,25,26,33,45
2001-05-19,1,5,12,22,27,30
2001-05-12,14,17,19,20,24,38
2001-05-05,9,24,29,31,32,33
2001-04-28,4,5,7,12,24,36
2001-04-21,4,5,28,31,37,45
2001-04-14,6,7,17,19,20,23
2001-04-07,10,20,21,27,32,33
2001-03-31,3,7,16,32,37,38
2001-03-24,16,23,26,30,33,45
2001-03-17,1,17,24,32,34,41
2001-03-10,4,5,17,18,29,36
2001-03-03,8,12,13,31,37,40
2001-02-24,2,6,10,12,13,33
2001-02-17,5,24,25,26,37,45
2001-02-10,5,11,12,29,41,44
2001-02-03,5,14,20,22,30,40
2001-01-27,10,24,26,37,39,44
2001-01-20,4,7,9,15,27,43
2001-01-13,6,20,24,35,39,42
2001-01-06,6,10,20,31,38,44
2000-12-30,7,18,26,27,34,43
2000-12-23,8,10,19,21,27,45
2000-12-16,4,5,18,38,42,43
2000-12-09,10,11,22,26,28,37
2000-12-02,2,13,15,20,25,40
2000-11-25,4,15,19,30,33,38
2000-11-18,2,9,19,38,40,42
2000-11-11,8,21,26,28,35,39
2000-11-04,1,9,17,22,26,30
2000-10-28,10,16,21,31,39,42
2000-10-21,1,12,22,26,38,44
2000-10-14,11,23,27,38,43,44
2000-10-07,3,7,8,23,25,34
2000-09-30,1,3,6,7,11,24
2000-09-23,3,22,24,28,36,40
2000-09-16,1,8,20,31,32,37
2000-09-09,12,24,29,32,43,45
2000-09-02,6,10,25,28,35,38
2000-08-26,11,22,23,33,35,39
2000-08-19,1,7,16,19,23,44
2000-08-12,1,10,16,22,27,36
2000-08-05,6,11,13,21,24,43
2000-07-29,1,3,5,19,22,29
2000-07-22,7,8,15,16,25,36
2000-07-15,16,24,32,34,39,42
2000-07-08,6,8,10,13,25,38
2000-07-01,4,5,8,10,22,39
2000-06-24,8,24,25,39,40,41
2000-06-17,6,11,12,13,21,32
2000-06-10,4,6,12,22,29,43
2000-06-03,16,25,28,34,42,43
2000-05-27,6,14,33,42,43,44
2000-05-20,2,8,22,24,36,42
2000-05-13,2,3,7,22,35,45
2000-05-06,7,16,19,33,40,41
2000-04-29,20,24,29,30,31,45
2000-04-22,16,30,33,37,40,41
2000-04-15,1,15,18,25,34,40
2000-04-08,13,18,36,37,39,43
2000-04-01,11,13,17,23,31,39
2000-03-25,2,20,24,25,26,41
2000-03-18,21,22,33,34,37,39
2000-03-11,1,11,12,19,37,39
2000-03-04,3,12,15,25,31,33
2000-02-26,2,7,13,17,23,35
2000-02-19,5,18,19,23,33,43
2000-02-12,9,10,22,25,28,33
2000-02-05,3,14,18,22,24,39
2000-01-29,7,13,19,22,29,45
2000-01-22,5,7,21,25,26,42
2000-01-15,6,12,15,30,32,33
2000-01-08,5,6,17,22,39,40
1999-12-31,5,11,26,33,39,45
1999-12-25,12,16,24,28,35,39
1999-12-18,20,24,38,40,42,43
1999-12-11,9,21,22,26,39,43
1999-12-04,18,19,30,31,42,45
1999-11-27,9,24,29,32,39,45
1999-11-20,16,25,29,36,39,40
1999-11-13,11,12,15,31,40,41
1999-11-06,5,6,13,23,30,35
1999-10-30,8,27,28,34,37,42
1999-10-23,11,15,16,21,24,33
1999-10-16,10,19,23,26,34,38
1999-10-09,9,18,19,36,39,40
1999-10-02,5,19,20,22,29,39
1999-09-25,5,9,19,24,27,35
1999-09-18,1,7,10,11,18,36
1999-09-11,4,11,26,29,33,34
1999-09-04,8,14,17,20,37,39
1999-08-28,4,13,16,22,26,45
1999-08-21,1,9,14,32,35,42
1999-08-14,11,25,26,34,38,42
1999-08-07,16,21,22,29,39,45
1999-07-31,10,11,24,25,26,36
1999-07-24,1,2,12,29,34,42
1999-07-17,4,5,8,9,37,43
1999-07-10,3,17,19,23,29,37
1999-07-03,16,19,20,27,35,41
1999-06-26,8,10,16,28,34,38
1999-06-19,4,10,12,23,33,41
1999-06-12,1,14,22,26,29,37
1999-06-05,5,9,23,30,33,37
1999-05-29,13,15,18,21,37,41
1999-05-22,22,23,25,35,39,42
1999-05-15,2,5,31,35,42,43
1999-05-08,2,8,11,23,24,26
1999-05-01,1,10,18,31,37,38
1999-04-24,5,13,15,16,20,26
1999-04-17,20,22,24,27,34,38
1999-04-10,16,18,21,28,35,38
1999-04-03,4,15,23,27,32,33
1999-03-27,7,27,31,33,34,39
1999-03-20,2,15,20,25,32,44
1999-03-13,3,6,19,24,26,41
1999-03-06,16,19,33,34,35,40
1999-02-27,12,13,23,26,39,41
1999-02-20,10,20,25,38,39,43
1999-02-13,15,16,29,33,34,35
1999-02-06,8,12,18,30,39,41
1999-01-30,3,25,36,43,44,45
1999-01-23,3,5,8,15,16,41
1999-01-16,9,19,36,38,39,43
1999-01-09,5,14,16,24,29,41
1999-01-02,5,18,28,35,41,44
1998-12-26,2,4,13,31,33,37
1998-12-19,4,5,16,18,22,27
1998-12-12,2,9,18,25,32,36
1998-12-05,6,18,27,32,33,45
1998-11-28,2,5,11,25,30,41
1998-11-21,1,3,18,24,32,38
1998-11-14,6,25,26,37,44,45
1998-11-07,4,19,28,33,36,39
1998-10-31,8,21,30,33,35,40
1998-10-24,24,31,37,41,43,45
1998-10-17,2,5,15,16,28,37
1998-10-10,1,10,15,30,40,41
1998-10-03,3,7,16,18,24,43
1998-09-26,20,26,29,33,38,44
1998-09-19,4,11,12,19,35,37
1998-09-12,2,19,23,24,39,44
1998-09-05,1,6,18,39,42,44
1998-08-29,5,13,25,37,40,44
1998-08-22,2,9,23,39,42,45
1998-08-15,3,13,14,18,30,45
1998-08-08,11,13,18,25,30,39
1998-08-01,5,8,9,10,17,22
1998-07-25,5,9,16,32,42,44
1998-07-18,6,12,18,20,27,45
1998-07-11,3,4,30,31,36,43
1998-07-04,5,7,12,22,29,38
1998-06-27,2,6,24,25,33,42
1998-06-20,2,17,24,30,34,38
1998-06-13,11,16,20,32,34,35
1998-06-06,7,13,21,24,25,34
1998-05-30,2,8,16,17,23,42
1998-05-23,4,7,11,20,29,32
1998-05-16,7,8,10,16,17,36
1998-05-09,5,7,12,28,39,40
1998-05-02,8,9,27,37,40,44
1998-04-25,5,15,20,36,39,45
1998-04-18,9,10,16,19,21,41
1998-04-11,3,7,15,34,41,45
1998-04-04,3,5,6,9,16,18
1998-03-28,16,21,24,25,36,37
1998-03-21,6,18,19,30,43,44
1998-03-14,1,4,16,17,27,42
1998-03-07,8,9,20,23,25,40
1998-02-28,1,2,18,31,41,42
1998-02-21,3,6,12,13,14,17
1998-02-14,2,7,15,17,25,31
1998-02-07,2,3,7,20,21,22
1998-01-31,7,19,26,27,31,40
1998-01-24,7,8,20,25,28,36
1998-01-17,2,7,11,17,32,40
1998-01-10,2,3,4,18,25,41
1998-01-03,1,5,21,24,37,41
1997-12-27,4,10,12,28,36,45
1997-12-20,4,12,14,29,40,44
1997-12-13,3,28,37,40,41,44
1997-12-06,2,5,13,29,35,45
1997-11-29,3,9,12,15,20,38
1997-11-22,7,10,12,17,28,44
1997-11-15,3,5,18,19,21,35
1997-11-08,4,5,6,9,17,30
1997-11-01,16,25,30,31,39,42
1997-10-25,11,12,18,19,25,26
1997-10-18,11,17,23,25,30,43
1997-10-11,8,9,20,22,26,36
1997-10-04,12,17,25,30,38,44
1997-09-27,9,11,23,26,28,39
1997-09-20,15,17,20,22,26,34
1997-09-13,7,31,34,39,41,43
1997-09-06,5,31,33,34,35,42
1997-08-30,11,15,23,32,35,44
1997-08-23,7,11,12,22,24,29
1997-08-16,8,15,18,27,32,35
1997-08-09,2,4,25,26,28,31
1997-08-02,20,24,38,43,44,45
1997-07-26,1,4,15,29,33,36
1997-07-19,11,17,25,33,41,44
1997-07-12,6,8,24,26,36,37
1997-07-05,5,7,9,12,19,30
1997-06-28,11,20,21,22,27,40
1997-06-21,1,16,24,25,30,40
1997-06-14,3,4,12,14,20,41
1997-06-07,5,6,29,30,31,43
1997-05-31,1,8,24,26,43,45
1997-05-24,23,25,28,36,39,43
1997-05-17,7,12,15,16,26,38
1997-05-10,2,8,15,17,28,29
1997-05-03,18,22,30,32,33,36
1997-04-26,7,11,29,32,36,41
1997-04-19,16,30,32,39,43,45
1997-04-12,3,17,23,31,35,37
1997-04-05,5,7,17,22,27,44
1997-03-29,1,6,10,23,38,40
1997-03-22,4,6,19,21,35,36
1997-03-15,1,2,5,15,20,29
1997-03-08,1,23,27,29,30,42
1997-03-01,1,3,22,23,37,39
1997-02-22,3,4,7,13,22,26
1997-02-15,1,10,12,29,32,39
1997-02-08,9,11,15,16,24,39
1997-02-01,8,15,25,34,37,39
1997-01-25,14,19,29,36,42,44
1997-01-18,9,10,11,21,32,41
1997-01-11,10,23,24,29,36,43
1997-01-04,6,22,26,27,30,36
1996-12-28,9,11,20,32,35,40
1996-12-21,15,20,21,35,40,45
1996-12-14,4,13,14,21,28,32
1996-12-07,3,9,19,21,29,42
1996-11-30,10,28,32,33,37,44
1996-11-23,4,11,14,24,27,31
1996-11-16,9,13,24,25,29,39
1996-11-09,10,26,29,32,40,44
1996-11-02,2,3,8,9,21,28
1996-10-26,2,14,20,24,27,29
1996-10-19,9,18,19,20,26,45
1996-10-12,4,14,29,32,36,41
1996-10-05,13,14,22,37,42,43
1996-09-28,4,12,21,27,33,34
1996-09-21,24,26,30,31,36,41
1996-09-14,8,16,23,28,32,45
1996-09-07,1,28,37,39,40,42
1996-08-31,6,10,18,20,26,42
1996-08-24,4,14,19,25,28,38
1996-08-17,11,12,23,25,30,31
1996-08-10,1,17,18,24,30,41
1996-08-03,15,19,31,34,35,43
1996-07-27,3,5,23,41,42,45
1996-07-20,5,14,27,29,39,44
1996-07-13,5,14,16,21,36,45
1996-07-06,15,16,19,25,30,32
1996-06-29,2,9,19,29,30,40
1996-06-22,3,5,8,25,27,44
1996-06-15,2,13,23,24,32,45
1996-06-08,10,12,18,32,38,44
1996-06-01,4,12,16,28,32,35
1996-05-25,1,11,30,36,42,45
1996-05-18,12,26,27,37,42,44
1996-05-11,15,22,25,34,35,36
1996-05-04,5,29,34,35,36,39
1996-04-27,7,13,15,26,42,44
1996-04-20,2,3,14,17,19,35
1996-04-13,3,12,26,31,35,36
1996-04-06,12,18,22,33,40,44
1996-03-30,4,24,30,33,36,44
1996-03-23,11,18,23,25,41,43
1996-03-16,12,20,31,36,38,39
1996-03-09,10,15,26,37,40,44
1996-03-02,13,14,15,33,41,42
1996-02-24,13,14,15,19,28,31
1996-02-17,5,18,22,26,31,37
1996-02-10,7,33,34,35,42,44
1996-02-03,5,8,15,17,32,44
1996-01-27,19,23,32,33,36,44
1996-01-20,7,17,28,35,42,45
1996-01-13,2,3,5,9,16,28
1996-01-06,6,7,22,29,33,43
1995-12-30,6,15,18,26,40,45
1995-12-23,2,3,6,22,23,33
1995-12-16,8,15,23,28,34,42
1995-12-09,3,15,18,19,25,37
1995-12-02,2,18,21,37,40,42
1995-11-25,14,19,22,25,31,35
1995-11-18,3,11,13,38,40,44
1995-11-11,5,9,23,27,35,43
1995-11-04,14,30,35,38,44,45
1995-10-28,2,4,6,36,37,38
1995-10-21,4,11,13,14,17,32
1995-10-14,7,14,18,28,31,41
1995-10-07,4,10,12,20,27,44
1995-09-30,9,21,36,39,40,45
1995-09-23,4,8,9,12,19,27
1995-09-16,4,12,17,18,19,26
1995-09-09,7,14,16,22,23,39
1995-09-02,9,10,17,28,34,42
1995-08-26,9,11,12,16,25,40
1995-08-19,2,9,10,13,15,41
1995-08-12,9,13,15,20,32,40
1995-08-05,1,5,28,31,34,42
1995-07-29,10,14,15,17,27,31
1995-07-22,15,18,21,25,32,35
1995-07-15,13,19,22,28,37,44
1995-07-08,19,34,38,40,43,45
1995-07-01,6,9,27,28,39,43
1995-06-24,1,6,11,21,33,38
1995-06-17,2,5,8,15,19,23
1995-06-10,29,30,36,37,42,45
1995-06-03,2,5,12,16,26,37
1995-05-27,12,18,27,39,41,45
1995-05-20,6,10,18,21,22,43
1995-05-13,4,6,7,14,31,45
1995-05-06,3,6,7,15,36,43
1995-04-29,1,8,23,29,31,40
1995-04-22,6,11,24,36,40,44
1995-04-15,8,14,16,19,33,34
1995-04-08,9,18,23,24,32,37
1995-04-01,8,16,18,21,35,38
1995-03-25,24,28,29,31,43,45
1995-03-18,3,4,9,17,21,44
1995-03-11,3,8,13,18,34,36
1995-03-04,2,4,10,24,25,35
1995-02-25,3,8,19,41,42,43
1995-02-18,3,5,6,8,19,32
1995-02-11,4,15,20,24,31,42
1995-02-04,2,15,21,33,36,45
1995-01-28,7,17,20,23,41,42
1995-01-21,3,6,32,34,36,41
1995-01-14,14,22,25,26,28,45
1995-01-07,17,25,27,31,40,41
1994-12-31,6,14,21,30,35,41
1994-12-24,1,2,17,23,37,38
1994-12-17,1,17,22,26,37,40
1994-12-10,11,14,31,35,40,44
1994-12-03,20,22,24,26,35,45
1994-11-26,4,9,12,16,27,41
1994-11-19,11,20,24,26,40,44
1994-11-12,6,8,9,12,21,44
1994-11-05,1,3,7,33,38,44
1994-10-29,14,20,23,36,43,45
1994-10-22,3,7,25,32,40,42
1994-10-15,8,12,26,33,37,38
1994-10-08,4,15,16,25,29,36
1994-10-01,1,16,21,26,27,40
1994-09-24,21,23,29,32,33,42
1994-09-17,1,2,3,13,25,27
1994-09-10,3,7,18,22,32,39
1994-09-03,1,3,9,17,24,41
1994-08-27,10,12,23,25,26,43
1994-08-20,5,7,13,17,34,40
1994-08-13,9,11,15,25,26,36
1994-08-06,9,11,15,26,29,32
1994-07-30,1,13,20,24,26,38
1994-07-23,3,13,21,31,34,39
1994-07-16,4,5,19,33,37,42
1994-07-09,2,16,18,21,33,40
1994-07-02,9,11,21,28,32,40
1994-06-25,6,10,14,17,23,45
1994-06-18,9,24,28,36,38,41
1994-06-11,1,2,9,10,14,24
1994-06-04,5,25,27,33,34,42
1994-05-28,9,16,18,26,33,35
1994-05-21,1,22,29,31,38,39
1994-05-14,13,14,20,30,31,34
1994-05-07,9,22,29,39,40,44
1994-04-30,3,15,25,31,38,40
1994-04-23,4,8,12,18,26,43
1994-04-16,7,12,13,15,29,31
1994-04-09,3,7,22,31,42,43
1994-04-02,1,3,26,29,40,43
1994-03-26,4,7,10,20,27,40
1994-03-19,12,13,20,31,34,35
1994-03-12,4,18,19,29,37,42
1994-03-05,2,10,19,26,30,36
1994-02-26,14,20,24,25,30,34
1994-02-19,6,19,20,23,44,45
1994-02-12,3,9,11,17,18,36
1994-02-05,3,10,16,24,25,28
1994-01-29,3,7,15,19,38,41
1994-01-22,4,10,18,34,43,44
1994-01-15,4,7,13,34,39,43
1994-01-08,5,22,27,33,34,35
1994-01-01,24,29,30,31,37,38
1993-12-25,4,6,16,26,42,45
1993-12-18,6,19,21,25,28,32
1993-12-11,21,31,32,34,42,45
1993-12-04,1,12,15,26,34,42
1993-11-27,1,17,26,32,34,45
1993-11-20,3,5,18,24,25,42
1993-11-13,7,11,17,26,27,32
1993-11-06,3,6,12,19,20,24
1993-10-30,5,20,23,24,26,30
1993-10-23,1,18,22,26,34,42
1993-10-16,7,9,12,17,19,25
1993-10-09,4,9,12,23,34,38
1993-10-02,1,20,26,34,38,44
1993-09-25,1,6,13,22,27,31
1993-09-18,4,10,18,21,35,39
1993-09-11,3,11,23,29,39,45
1993-09-04,7,8,15,30,41,44
1993-08-28,8,11,17,31,36,43
1993-08-21,6,19,21,23,31,35
1993-08-14,9,14,20,31,33,35
1993-08-07,10,13,16,26,32,36
1993-07-31,3,8,16,20,42,43
1993-07-24,6,14,22,27,35,43
1993-07-17,16,20,25,35,38,41
1993-07-10,14,29,36,38,42,45
1993-07-03,2,3,32,39,40,44
1993-06-26,1,6,14,30,36,40
1993-06-19,4,5,14,19,26,39
1993-06-12,1,3,9,12,36,38
1993-06-05,6,7,10,18,24,34
1993-05-29,1,5,13,20,35,39
1993-05-22,7,9,12,23,37,44
1993-05-15,7,14,16,18,29,31
1993-05-08,8,9,19,23,26,36
1993-05-01,1,8,18,22,26,31
1993-04-24,1,8,18,19,24,32
1993-04-17,1,8,9,19,21,33
1993-04-10,7,13,15,28,29,35
1993-04-03,9,10,26,27,35,42
1993-03-27,3,5,11,27,42,45
1993-03-20,11,14,15,19,34,37
1993-03-13,5,30,32,41,42,45
1993-03-06,1,6,11,37,41,43
1993-02-27,2,10,14,20,31,43
1993-02-20,2,5,22,34,36,38
1993-02-13,6,8,32,34,36,41
1993-02-06,15,16,18,20,30,34
1993-01-30,6,12,14,16,32,35
1993-01-23,2,10,16,24,27,35
1993-01-16,1,25,34,38,40,41
1993-01-09,7,12,29,31,33,37
1993-01-02,8,9,16,22,31,44
1992-12-26,6,9,23,31,36,44
1992-12-19,4,10,25,35,36,45
1992-12-12,1,4,13,14,28,43
1992-12-05,4,11,17,19,23,36
1992-11-28,5,25,27,28,29,43
1992-11-21,7,11,13,28,29,34
1992-11-14,1,7,13,28,35,41
1992-11-07,7,8,11,22,29,35
1992-10-31,3,8,22,24,37,45
1992-10-24,12,20,21,28,29,33
1992-10-17,6,12,23,38,41,42
1992-10-10,7,14,28,32,33,34
1992-10-03,8,10,11,25,33,42
1992-09-26,8,12,19,27,33,38
1992-09-19,13,18,27,41,44,45
1992-09-12,14,15,23,27,34,40
1992-09-05,1,3,6,7,29,42
1992-08-29,1,9,12,15,19,34
1992-08-22,11,13,23,24,35,39
1992-08-15,21,25,28,33,38,43
1992-08-08,3,8,10,11,21,31
1992-08-01,4,13,20,30,34,36
1992-07-25,2,14,19,23,30,43
1992-07-18,7,14,16,33,38,43
1992-07-11,1,5,8,17,19,33
1992-07-04,4,5,6,13,22,44
1992-06-27,9,11,16,36,38,39
1992-06-20,2,6,18,19,32,45
1992-06-13,1,21,27,30,35,45
1992-06-06,1,22,25,31,36,43
1992-05-30,1,7,24,27,38,42
1992-05-23,1,11,19,30,33,41
1992-05-16,1,18,25,37,39,43
1992-05-09,11,13,14,18,19,37
1992-05-02,3,15,16,19,32,43
1992-04-25,11,15,18,19,42,43
1992-04-18,11,12,25,38,43,44
1992-04-11,7,16,19,30,41,43
1992-04-04,3,8,19,30,32,38
1992-03-28,3,12,13,17,40,44
1992-03-21,4,19,31,33,34,36
1992-03-14,13,19,24,29,33,38
1992-03-07,1,18,20,23,25,29
1992-02-29,9,17,24,28,35,37
1992-02-22,3,9,11,27,37,43
1992-02-15,6,10,14,18,28,40
1992-02-08,11,26,31,32,36,45
1992-02-01,4,11,23,30,34,43
1992-01-25,5,13,28,33,41,44
1992-01-18,23,30,36,38,40,43
1992-01-11,9,18,29,38,41,44
1992-01-04,1,8,16,17,24,35
1991-12-28,6,12,14,31,38,40
1991-12-21,6,24,30,31,33,36
1991-12-14,13,15,26,34,42,44
1991-12-07,2,6,15,25,29,30
1991-11-30,14,22,23,38,39,41
1991-11-23,15,18,39,41,42,43
1991-11-16,5,27,29,31,33,36
1991-11-09,3,10,15,34,37,45
1991-11-02,9,11,12,17,31,40
1991-10-26,5,36,37,40,41,43
1991-10-19,8,15,28,34,39,40
1991-10-12,8,13,24,28,32,38
1991-10-05,1,4,6,7,27,38
1991-09-28,3,5,13,27,29,35
1991-09-21,16,21,33,35,38,40
1991-09-14,9,14,28,29,33,37
1991-09-07,8,20,26,30,31,41
1991-08-31,3,11,17,25,27,33
1991-08-24,6,8,17,27,33,45
1991-08-17,6,12,18,24,34,45
1991-08-10,20,29,34,36,38,40
1991-08-03,16,17,19,22,31,43
1991-07-27,1,13,16,21,22,34
1991-07-20,1,2,8,19,26,45
1991-07-13,4,11,15,21,26,45
1991-07-06,7,9,16,22,34,36
1991-06-29,13,14,15,32,35,43
1991-06-22,11,13,21,25,40,45
1991-06-15,9,11,12,36,44,45
1991-06-08,4,9,15,21,24,43
1991-06-01,3,11,17,22,24,31
1991-05-25,19,20,32,33,41,42
1991-05-18,16,17,18,22,35,42
1991-05-11,7,8,19,28,43,45
1991-05-04,1,14,17,29,30,37
1991-04-27,4,28,37,41,42,45
1991-04-20,2,5,12,37,41,45
1991-04-13,1,5,12,15,19,24
1991-04-06,3,19,26,29,36,45
1991-03-30,1,2,13,16,21,31
1991-03-23,2,4,16,23,27,31
1991-03-16,5,19,21,31,41,45
1991-03-09,8,14,19,26,28,39
1991-03-02,1,9,10,35,36,37
1991-02-23,1,11,15,16,22,32
1991-02-16,2,9,14,21,26,41
1991-02-09,20,22,27,32,37,40
1991-02-02,4,13,16,19,20,23
1991-01-26,2,5,14,19,35,37
1991-01-19,2,4,7,9,30,42
1991-01-12,1,3,5,10,34,36
1991-01-05,1,5,20,24,31,41
1990-12-29,13,15,18,19,20,34
1990-12-22,14,19,29,39,42,43
1990-12-15,2,3,4,6,14,39
1990-12-08,11,26,28,29,30,40
1990-12-01,8,16,20,28,30,34
1990-11-24,5,6,12,26,29,33
1990-11-17,17,18,20,25,36,42
1990-11-10,4,5,8,15,16,28
1990-11-03,12,28,33,36,37,43
1990-10-27,2,19,26,33,44,45
1990-10-20,3,8,10,11,21,25
1990-10-13,5,8,16,22,39,40
1990-10-06,5,10,16,22,31,33
1990-09-29,3,23,26,30,41,44
1990-09-22,6,10,12,21,27,43
1990-09-15,3,8,9,36,37,41
1990-09-08,5,11,15,18,43,45
1990-09-01,4,12,17,19,24,32
1990-08-25,10,19,20,21,27,41
1990-08-18,1,5,32,35,37,39
1990-08-11,10,16,18,20,21,31
1990-08-04,15,19,28,32,38,41
1990-07-28,1,2,8,22,42,43
1990-07-21,5,9,22,37,44,45
1990-07-14,3,4,7,23,44,45
1990-07-07,22,26,38,40,43,44
1990-06-30,7,13,14,17,22,25
1990-06-23,3,8,9,14,34,35
1990-06-16,24,25,30,38,43,44
1990-06-09,2,16,21,24,28,35
1990-06-02,3,12,36,39,41,45
1990-05-26,18,24,29,30,40,41
1990-05-19,2,8,18,22,23,41
1990-05-12,5,10,17,29,30,37
1990-05-05,1,10,23,30,33,35
1990-04-28,4,20,26,31,35,43
1990-04-21,12,14,21,24,25,38
1990-04-14,5,10,11,34,35,36
1990-04-07,9,15,18,29,35,37
1990-03-31,9,19,24,31,35,36
1990-03-24,1,6,9,24,25,35
1990-03-17,11,17,18,19,33,41
1990-03-10,12,21,37,42,43,44
1990-03-03,13,14,16,31,37,45
1990-02-24,19,20,32,37,39,41
1990-02-17,8,13,15,17,18,29
1990-02-10,1,3,20,22,42,44
1990-02-03,4,8,18,20,34,43
1990-01-27,7,10,13,32,33,45
1990-01-20,2,4,6,11,15,17
1990-01-13,8,13,16,17,25,28
1990-01-06,2,9,13,20,30,39
1989-12-30,5,8,18,29,30,33
1989-12-23,2,36,37,38,43,44
1989-12-16,2,4,18,21,38,40
1989-12-09,4,15,20,31,32,35
1989-12-02,3,8,21,23,33,42
1989-11-25,25,30,36,40,44,45
1989-11-18,7,12,23,27,30,41
1989-11-11,11,12,25,30,38,42
1989-11-04,19,25,30,33,38,45
1989-10-28,2,6,8,9,24,33
1989-10-21,12,13,17,23,40,41
1989-10-14,6,7,20,23,28,29
1989-10-07,14,18,22,30,41,43
1989-09-30,15,26,27,28,36,38
1989-09-23,2,4,13,18,21,41
1989-09-16,13,28,34,41,43,44
1989-09-09,1,3,5,33,35,38
1989-09-02,13,16,23,24,28,29
1989-08-26,1,6,23,34,39,44
1989-08-19,1,8,31,36,41,44
1989-08-12,10,18,22,30,37,43
1989-08-05,1,3,8,16,18,42
1989-07-29,10,15,16,24,26,35
1989-07-22,4,11,15,31,38,42
1989-07-15,1,19,29,34,37,44
1989-07-08,9,12,13,14,27,39
1989-07-01,2,8,17,33,36,37
1989-06-24,1,25,31,32,39,41
1989-06-17,1,3,14,19,24,35
1989-06-10,8,16,17,18,22,44
1989-06-03,17,19,22,27,42,45
1989-05-27,7,13,25,27,32,35
1989-05-20,6,10,12,23,38,44
1989-05-13,8,18,19,29,34,45
1989-05-06,16,28,31,33,36,38
1989-04-29,14,15,16,38,39,44
1989-04-22,4,7,12,16,17,37
1989-04-15,2,4,5,12,15,30
1989-04-08,11,13,25,26,40,43
1989-04-01,2,6,11,30,35,38
1989-03-25,7,10,21,24,28,33
1989-03-18,5,7,13,20,21,42
1989-03-11,7,9,11,20,33,40
1989-03-04,11,12,16,22,24,30
1989-02-25,8,10,19,33,37,40
1989-02-18,1,7,9,11,18,29
1989-02-11,6,10,24,37,41,44
1989-02-04,3,13,34,37,41,43
1989-01-28,3,7,9,10,28,30
1989-01-21,2,11,17,27,29,41
1989-01-14,19,27,31,39,41,43
1989-01-07,3,11,12,32,37,39
1988-12-31,1,5,9,18,33,34
1988-12-24,11,13,16,19,24,43
1988-12-17,10,20,21,23,25,38
1988-12-10,3,9,20,28,29,32
1988-12-03,5,13,21,31,38,45
1988-11-26,21,26,32,36,42,43
1988-11-19,26,33,35,40,41,45
1988-11-12,3,22,26,31,36,40
1988-11-05,15,20,22,25,40,43
1988-10-29,20,27,33,34,38,41
1988-10-22,4,18,21,30,32,33
1988-10-15,6,15,22,33,35,45
1988-10-08,2,3,5,24,25,42
1988-10-01,1,18,20,37,42,43
1988-09-24,9,22,25,26,31,35
1988-09-17,3,18,31,36,39,44
1988-09-10,5,6,7,22,26,34
1988-09-03,2,3,7,15,16,26
1988-08-27,2,5,6,20,22,40
1988-08-20,6,14,16,26,33,45
1988-08-13,2,6,8,11,37,40
1988-08-06,7,10,16,20,22,42
1988-07-30,8,9,21,23,35,44
1988-07-23,3,10,16,26,28,31
1988-07-16,2,5,22,25,37,43
1988-07-09,5,9,15,24,30,44
1988-07-02,3,8,26,27,36,42
1988-06-25,3,6,12,28,41,42
1988-06-18,4,10,15,19,24,34
1988-06-11,5,11,15,18,36,42
1988-06-04,3,8,27,33,34,38
1988-05-28,6,7,8,11,21,29
1988-05-21,7,10,16,17,26,28
1988-05-14,13,21,25,31,41,42
1988-05-07,3,11,14,22,32,40
1988-04-30,6,8,14,15,19,44
1988-04-23,4,11,12,18,19,23
1988-04-16,4,6,8,12,17,18
1988-04-09,19,20,23,31,35,36
1988-04-02,29,32,34,37,41,42
1988-03-26,1,12,13,34,36,39
1988-03-19,1,2,8,12,16,20
1988-03-12,17,20,25,30,32,40
1988-03-05,13,26,38,41,43,44
1988-02-27,11,12,15,25,34,35
1988-02-20,10,17,25,27,41,42
1988-02-13,9,21,25,27,34,37
1988-02-06,10,14,27,28,41,43
1988-01-30,2,3,17,26,29,44
1988-01-23,3,8,9,24,31,39
1988-01-16,2,10,11,14,43,44
1988-01-09,5,7,8,13,39,45
1988-01-02,8,19,21,31,33,42
1987-12-26,5,10,21,22,25,27
1987-12-19,19,21,25,27,42,45
1987-12-12,23,26,27,36,38,44
1987-12-05,1,2,16,24,32,38
1987-11-28,9,12,24,25,26,43
1987-11-21,26,29,38,41,43,44
1987-11-14,12,13,18,34,40,45
1987-11-07,4,16,17,27,41,42
1987-10-31,7,10,11,16,32,33
1987-10-24,17,23,25,36,39,43
1987-10-17,13,16,19,40,41,44
1987-10-10,7,9,14,20,35,41
1987-10-03,3,12,26,33,41,44
1987-09-26,6,11,20,31,35,44
1987-09-19,2,11,15,19,27,31
1987-09-12,4,6,7,25,29,42
1987-09-05,12,14,24,32,37,40
1987-08-29,7,22,23,35,37,45
1987-08-22,1,6,8,27,33,39
1987-08-15,23,33,34,37,38,39
1987-08-08,3,8,13,17,31,39
1987-08-01,11,23,31,33,40,42
1987-07-25,1,2,12,15,38,39
1987-07-18,1,6,8,30,32,41
1987-07-11,1,12,18,20,26,42
1987-07-04,18,19,20,28,33,36
1987-06-27,1,4,14,16,30,45
1987-06-20,2,3,29,30,35,43
1987-06-13,7,11,21,32,40,45
1987-06-06,9,14,15,18,19,25
1987-05-30,7,15,31,32,38,43
1987-05-23,4,6,12,13,25,32
1987-05-16,8,12,16,33,38,40
1987-05-09,9,12,17,24,30,44
1987-05-02,1,5,14,36,41,44
1987-04-25,2,8,18,33,35,41
1987-04-18,7,26,29,31,33,38
1987-04-11,4,7,17,23,33,37
1987-04-04,2,11,17,29,32,40
1987-03-28,2,10,18,27,28,36
1987-03-21,8,10,14,29,35,38
1987-03-14,10,16,22,23,27,37
1987-03-07,7,9,11,20,28,36
1987-02-28,2,6,27,35,41,44
1987-02-21,14,16,29,41,42,43
1987-02-14,18,19,20,29,32,40
1987-02-07,4,9,28,32,35,39
1987-01-31,2,8,12,15,22,35
1987-01-24,18,21,24,25,26,44
1987-01-17,3,9,20,29,36,44
1987-01-10,5,24,31,36,40,44
1987-01-03,3,8,15,16,23,25
1986-12-27,1,8,16,31,40,43
1986-12-20,2,10,14,22,23,34
1986-12-13,2,4,7,19,25,27
1986-12-06,5,7,10,26,29,32
1986-11-29,8,18,19,25,26,29
1986-11-22,7,15,19,21,25,41
1986-11-15,4,12,27,28,29,30
1986-11-08,9,16,22,33,34,37
1986-11-01,1,3,4,27,29,41
1986-10-25,8,18,23,24,41,44
1986-10-18,11,21,22,28,30,37
1986-10-11,8,9,13,19,28,30
1986-10-04,10,12,18,19,24,27
1986-09-27,2,11,21,27,35,37
1986-09-20,3,21,37,40,43,44
1986-09-13,5,8,14,16,21,28
1986-09-06,1,3,10,34,39,45
1986-08-30,6,7,9,14,20,30
2025-12-06,5,10,17,33,42,45
2025-11-29,5,10,17,22,36,44
2025-11-22,7,12,15,31,39,42
2025-11-15,1,19,33,36,39,41
2025-11-08,1,13,14,16,28,41
2025-11-01,13,17,21,28,31,42
2025-10-25,13,14,23,29,40,41
2025-10-18,7,10,18,19,32,38
2025-10-11,9,21,32,33,37,43
2025-10-04,2,3,10,16,32,42
2025-09-27,4,14,16,25,29,37
2025-09-20,5,10,25,26,27,38
2025-09-13,2,13,15,18,31,40
2025-09-06,6,10,16,21,42,43
2025-08-30,4,5,9,10,28,36
2025-08-23,2,10,28,33,44,45
2025-08-16,1,6,15,18,23,38
2025-08-09,4,10,14,40,41,45
2025-08-02,1,21,24,40,43,45
2025-07-26,2,17,23,40,42,44
2025-07-19,7,15,17,22,36,42
2025-07-12,9,23,29,35,36,37
2025-07-05,4,6,13,14,17,19
2025-06-28,21,32,34,39,41,44
2025-12-13,6,17,20,28,32,35
2025-12-20,8,19,31,32,41,43
2025-12-27,3,5,20,26,28,40
